{"version":"2021.4.25.11","config":{"name":"Drawing","surface":{"method":"fill","blend":"normal","enabled":true,"opacity":1,"type":"pattern","pattern":{"type":"pattern","reflect":"no-reflect","repeat":"repeat","smoothing":false,"src":"transparentLight","sx":1,"sy":1,"x0":0.5,"x1":1,"y0":0.5,"y1":1}},"clipPath":{"enabled":true,"style":{"strokeStyle":"black","lineWidth":1}},"description":"Made with Sketchpad","metadata":{},"exportDPI":72,"exportFormat":"svg","exportQuality":0.95,"units":"px","width":1536,"height":722,"pages":[{"width":1536,"height":722}],"uuid":"41fc28e6-7004-4516-986a-981259608765"},"layers":[{"type":"ellipse","cutout":0,"bbox":{"x":64,"y":25,"width":396,"height":623.6180904522614,"rotation":0,"scale":{"x":1,"y":1},"skew":{"x":0,"y":0},"anchor":{"x":0,"y":0}},"blend":"normal","id":"38509c6a-765c-4f51-a4c1-c281e7d6aae5","idx":0,"pointerId":"you_65590","seed":1659593617,"fill":{"method":"fill","blend":"normal","enabled":true,"opacity":1,"type":"color","color":"#e565da"},"stroke":{"method":"stroke","blend":"normal","enabled":true,"opacity":1,"type":"color","color":"#000000","alignment":0.5,"lineCap":"round","lineDash":"none","lineDashOffset":0,"lineJoin":"miter","lineWidth":2,"lineWidthVariance":0,"miterLimit":4},"parentId":"Top","visible":true},{"type":"ellipse","cutout":0,"bbox":{"x":114.99999999996544,"y":138.19996643066406,"width":48.594429684409654,"height":56.799994384766485,"rotation":0,"scale":{"x":0.9858147509059308,"y":1},"skew":{"x":0,"y":0},"anchor":{"x":0,"y":0}},"blend":"normal","id":"913fb1d0-eba1-4d3b-a916-8d872fa1de74","idx":1,"parentId":"Top","pointerId":"you_66556","seed":1436540013,"fill":{"method":"fill","blend":"normal","enabled":true,"opacity":1,"type":"color","color":"#f3bea0"},"stroke":{"method":"stroke","blend":"normal","enabled":true,"opacity":1,"type":"color","color":"#f3bea0","alignment":0.5,"lineCap":"round","lineDash":"none","lineDashOffset":0,"lineJoin":"miter","lineWidth":2,"lineWidthVariance":0,"miterLimit":4}},{"type":"ellipse","cutout":0,"bbox":{"x":345.99999999996544,"y":131.19996643066406,"width":48.594429684409654,"height":56.799994384766485,"rotation":0,"scale":{"x":0.9858147509059308,"y":1},"skew":{"x":0,"y":0},"anchor":{"x":0,"y":0}},"blend":"normal","id":"34575e05-87d7-4607-a894-923d9fbd3c70","idx":2,"pointerId":"you_66556","seed":1436540013,"fill":{"method":"fill","blend":"normal","enabled":true,"opacity":1,"type":"color","color":"#f3bea0"},"stroke":{"method":"stroke","blend":"normal","enabled":true,"opacity":1,"type":"color","color":"#f3bea0","alignment":0.5,"lineCap":"round","lineDash":"none","lineDashOffset":0,"lineJoin":"miter","lineWidth":2,"lineWidthVariance":0,"miterLimit":4},"parentId":"Top"},{"type":"path","iteration":1,"path":[{"cmd":"M","x":0.14,"y":4},{"cmd":"C","x1":-1.86,"y1":57,"x2":18.14,"y2":44,"x":14.14,"y":44},{"cmd":"C","x1":10.14,"y1":44,"x2":98.14,"y2":46,"x":98.14,"y":46},{"cmd":"C","x1":105.14,"y1":39.33,"x2":128.14,"y2":42,"x":119.14,"y":26},{"cmd":"C","x1":110.14,"y1":10,"x2":90.14,"y2":12,"x":90.14,"y":12},{"cmd":"C","x1":90.14,"y1":12,"x2":58.14,"y2":0,"x":58.14,"y":0},{"cmd":"C","x1":58.14,"y1":0,"x2":3.14,"y2":0,"x":3.14,"y":0}],"bbox":{"x":256.1423453690589,"y":519.7413481,"width":135.20003647114657,"height":60,"rotation":0,"scale":{"x":-0.7567655269165533,"y":0.7264981112714991},"skew":{"x":0,"y":0},"anchor":{"x":0,"y":0}},"blend":"normal","id":"98b037a9-6c05-471a-9d72-9e991853fb05","idx":3,"pointerId":"98b037a9-6c05-471a-9d72-9e991853fb05","seed":1,"fill":{"method":"fill","blend":"normal","enabled":true,"opacity":1,"type":"color","color":"#000000"},"stroke":{"method":"stroke","blend":"normal","enabled":true,"opacity":1,"type":"color","color":"#000000","alignment":0.5,"lineCap":"round","lineDash":"none","lineDashOffset":0,"lineJoin":"miter","lineWidth":7,"lineWidthVariance":0,"miterLimit":4},"parentId":"Top","exportable":true,"findable":true},{"type":"path","iteration":1,"path":[{"cmd":"M","x":0.14,"y":4},{"cmd":"C","x1":-1.86,"y1":57,"x2":18.14,"y2":44,"x":14.14,"y":44},{"cmd":"C","x1":10.14,"y1":44,"x2":98.14,"y2":46,"x":98.14,"y":46},{"cmd":"C","x1":105.14,"y1":39.33,"x2":128.14,"y2":42,"x":119.14,"y":26},{"cmd":"C","x1":110.14,"y1":10,"x2":90.14,"y2":12,"x":90.14,"y":12},{"cmd":"C","x1":90.14,"y1":12,"x2":58.14,"y2":0,"x":58.14,"y":0},{"cmd":"C","x1":58.14,"y1":0,"x2":3.14,"y2":0,"x":3.14,"y":0}],"bbox":{"x":263.14057639337705,"y":520.7413481,"width":135.20003647114663,"height":60,"rotation":0,"scale":{"x":0.7264981112714975,"y":0.7264981112714991},"skew":{"x":0,"y":0},"anchor":{"x":0,"y":0}},"blend":"normal","id":"d2fa0c6e-6894-4b2a-9dd2-c2c7a6171818","idx":4,"pointerId":"d2fa0c6e-6894-4b2a-9dd2-c2c7a6171818","seed":1,"fill":{"method":"fill","blend":"normal","enabled":true,"opacity":1,"type":"color","color":"#000000"},"stroke":{"method":"stroke","blend":"normal","enabled":true,"opacity":1,"type":"color","color":"#000000","alignment":0.5,"lineCap":"round","lineDash":"none","lineDashOffset":0,"lineJoin":"miter","lineWidth":7,"lineWidthVariance":0,"miterLimit":4},"parentId":"Top","exportable":true,"findable":true},{"type":"square","cutout":0,"roundness":0,"bbox":{"x":215.03931023742098,"y":378.0300806097786,"width":47.58502650231712,"height":47.58502650231712,"rotation":0.08625534288000747,"scale":{"x":1.060115242608155,"y":3.0520619713887154},"skew":{"x":0,"y":0},"anchor":{"x":0,"y":0}},"blend":"normal","id":"19f5258d-5121-49a6-9df7-21c50ef13a16","idx":5,"pointerId":"you_66117","seed":1950450723,"fill":{"method":"fill","blend":"normal","enabled":true,"opacity":1,"type":"color","color":"#9f9f9f"},"stroke":{"method":"stroke","blend":"normal","enabled":true,"opacity":1,"type":"color","color":"#979797","alignment":0.5,"lineCap":"round","lineDash":"none","lineDashOffset":0,"lineJoin":"miter","lineWidth":2,"lineWidthVariance":0,"miterLimit":4},"parentId":"Top"},{"type":"square","cutout":0,"roundness":0,"bbox":{"x":250.04159266972675,"y":382.4381001754849,"width":47.58502650231712,"height":47.58502650231712,"rotation":6.179760387951312,"scale":{"x":1.1150395007430567,"y":3.0858713177837567},"skew":{"x":0,"y":0},"anchor":{"x":0,"y":0}},"blend":"normal","id":"faed8d21-4efc-40d8-9e88-b990ccd856ce","idx":6,"pointerId":"you_66117","seed":1950450723,"fill":{"method":"fill","blend":"normal","enabled":true,"opacity":1,"type":"color","color":"#9f9f9f"},"stroke":{"method":"stroke","blend":"normal","enabled":true,"opacity":1,"type":"color","color":"#979797","alignment":0.5,"lineCap":"round","lineDash":"none","lineDashOffset":0,"lineJoin":"miter","lineWidth":2,"lineWidthVariance":0,"miterLimit":4},"parentId":"Top"},{"type":"ellipse","cutout":0,"bbox":{"x":579,"y":28,"width":396,"height":623.6180904522614,"rotation":0,"scale":{"x":1,"y":1},"skew":{"x":0,"y":0},"anchor":{"x":0,"y":0}},"blend":"normal","id":"e8c8c381-1054-4933-9c80-f4d8d01e7a97","idx":7,"pointerId":"you_65590","seed":1659593617,"fill":{"method":"fill","blend":"normal","enabled":true,"opacity":1,"type":"color","color":"#fff200"},"stroke":{"method":"stroke","blend":"normal","enabled":true,"opacity":1,"type":"color","color":"#000000","alignment":0.5,"lineCap":"round","lineDash":"none","lineDashOffset":0,"lineJoin":"miter","lineWidth":2,"lineWidthVariance":0,"miterLimit":4},"parentId":"Top","visible":true},{"type":"ellipse","cutout":0,"blend":"normal","exportable":true,"findable":true,"fill":{"method":"fill","blend":"normal","enabled":true,"opacity":1,"type":"color","color":"#b6e565"},"filter":{"enabled":true,"opened":true,"stack":[]},"stroke":{"method":"stroke","blend":"normal","enabled":true,"opacity":1,"type":"color","color":"#000000","alignment":0.5,"lineCap":"round","lineDash":"none","lineDashOffset":0,"lineJoin":"miter","lineWidth":2,"lineWidthVariance":0,"miterLimit":4,"gradient":{"type":"linearGradient","noise":0,"spreadMethod":"pad","stops":[{"color":"#e43a15","offset":0},{"color":"#e65245","offset":1}],"x1":0,"y1":0.5,"x2":1,"y2":0.5}},"bbox":{"x":1082,"y":29,"width":396,"height":623.6180904522614,"rotation":0,"scale":{"x":1,"y":1},"skew":{"x":0,"y":0},"anchor":{"x":0,"y":0}},"id":"7e28d2cd-3f2e-47a7-b9eb-80656018c8b4","seed":1659593617,"pointerId":"you_65590","parentId":"Top","idx":8,"visible":true},{"type":"path","iteration":1,"path":[{"cmd":"M","x":78,"y":0.04},{"cmd":"C","x1":8,"y1":-1.96,"x2":0,"y2":64.04,"x":0,"y":64.04},{"cmd":"C","x1":0,"y1":64.04,"x2":32,"y2":70.04,"x":32,"y":70.04},{"cmd":"L","x":42,"y":39.04},{"cmd":"L","x":72,"y":28.04}],"bbox":{"x":643.1449842008765,"y":213.36482038160227,"width":92,"height":84.0445533526398,"rotation":0,"scale":{"x":1.0498380711477062,"y":1.0498380711477062},"skew":{"x":0,"y":0},"anchor":{"x":0,"y":0}},"blend":"normal","id":"65eba2f7-3003-4801-8c4f-cf18e3b4805b","idx":9,"parentId":"Top","pointerId":"65eba2f7-3003-4801-8c4f-cf18e3b4805b","seed":1,"fill":{"method":"fill","blend":"normal","enabled":true,"opacity":1,"type":"color","color":"#814f3d"},"filter":{"enabled":true,"opened":true,"stack":[]},"stroke":{"method":"stroke","blend":"normal","enabled":true,"opacity":1,"type":"color","color":"#814f3d","alignment":0.5,"lineCap":"round","lineDash":"none","lineDashOffset":0,"lineJoin":"miter","lineWidth":7,"lineWidthVariance":0,"miterLimit":4}},{"type":"rectangle","cutout":0,"roundness":0,"bbox":{"x":718.2981461412234,"y":351.03985922740156,"width":71.08435137741202,"height":232.53479062276523,"rotation":0,"scale":{"x":0.7537624480450796,"y":0.7432026539110314},"skew":{"x":0,"y":0},"anchor":{"x":0,"y":0}},"blend":"normal","id":"4588dedd-ba7d-4939-be1f-8eb687ce1ee1","idx":10,"parentId":"Top","pointerId":"you_67062","seed":984593508,"fill":{"method":"fill","blend":"normal","enabled":true,"opacity":1,"type":"color","color":"#9f9f9f"},"filter":{"enabled":true,"opened":true,"stack":[]},"stroke":{"method":"stroke","blend":"normal","enabled":true,"opacity":1,"type":"color","color":"#9f9f9f","alignment":0.5,"lineCap":"round","lineDash":"none","lineDashOffset":0,"lineJoin":"miter","lineWidth":2,"lineWidthVariance":0,"miterLimit":4}},{"type":"path","iteration":1,"path":[{"cmd":"M","x":0.12,"y":0},{"cmd":"C","x1":1.12,"y1":65,"x2":23.12,"y2":61,"x":23.12,"y":61},{"cmd":"C","x1":23.12,"y1":61,"x2":145.12,"y2":65,"x":145.12,"y":65},{"cmd":"C","x1":145.12,"y1":65,"x2":145.12,"y2":149,"x":145.12,"y":149},{"cmd":"C","x1":145.12,"y1":149,"x2":197.12,"y2":150,"x":197.12,"y":150},{"cmd":"C","x1":197.12,"y1":150,"x2":198.12,"y2":69,"x":198.12,"y":69},{"cmd":"C","x1":198.12,"y1":69,"x2":204.12,"y2":6,"x":148.12,"y":2},{"cmd":"C","x1":92.12,"y1":-2,"x2":-3.88,"y2":6,"x":0.12,"y":0},{"cmd":"Z"}],"bbox":{"x":708.7588491890801,"y":348.7268770372628,"width":212.30799541195123,"height":164,"rotation":0,"scale":{"x":0.8260686710820869,"y":0.826068671082088},"skew":{"x":0,"y":0},"anchor":{"x":0,"y":0}},"blend":"normal","id":"fbbc8735-c987-4c39-a39e-f5a453a6edd3","idx":11,"parentId":"Top","pointerId":"fbbc8735-c987-4c39-a39e-f5a453a6edd3","seed":1,"fill":{"method":"fill","blend":"normal","enabled":true,"opacity":1,"type":"color","color":"#bfbfbf"},"filter":{"enabled":true,"opened":true,"stack":[]},"stroke":{"method":"stroke","blend":"normal","enabled":true,"opacity":1,"type":"color","color":"#bfbfbf","alignment":0.5,"lineCap":"round","lineDash":"none","lineDashOffset":0,"lineJoin":"miter","lineWidth":7,"lineWidthVariance":0,"miterLimit":4}},{"type":"square","cutout":0,"roundness":0,"bbox":{"x":719.4198307490083,"y":200.66629682250763,"width":98.65876185483465,"height":98.65876185483465,"rotation":0.04733536133794569,"scale":{"x":0.7636140157925437,"y":1.5400038267256155},"skew":{"x":0,"y":0},"anchor":{"x":0,"y":0}},"blend":"normal","id":"b6b84e2a-2791-47fe-89fd-24ce48e0135c","idx":12,"parentId":"Top","pointerId":"you_66007","seed":686725915,"fill":{"method":"fill","blend":"normal","enabled":true,"opacity":1,"type":"color","color":"#80563c"},"stroke":{"method":"stroke","blend":"normal","enabled":true,"opacity":1,"type":"color","color":"#b2795b","alignment":0.5,"lineCap":"round","lineDash":"none","lineDashOffset":0,"lineJoin":"miter","lineWidth":2,"lineWidthVariance":0,"miterLimit":4}},{"type":"regularPolygon","cutout":0,"sides":4,"bbox":{"x":1174.6425663442992,"y":45.037413219408435,"width":135.34894833594052,"height":135.34894833594052,"rotation":6.1646956428768345,"scale":{"x":1,"y":0.4848404262843674},"skew":{"x":0,"y":0},"anchor":{"x":0,"y":0}},"blend":"normal","id":"3f3bcb09-1cb0-4773-960c-cc79bb9f0278","idx":13,"parentId":"Top","pointerId":"you_66743","seed":2109298670,"fill":{"method":"fill","blend":"normal","enabled":true,"opacity":1,"type":"color","color":"#27385e"},"filter":{"enabled":true,"opened":true,"stack":[]},"stroke":{"method":"stroke","blend":"normal","enabled":true,"opacity":1,"type":"color","color":"#27385e","alignment":0.5,"lineCap":"round","lineDash":"none","lineDashOffset":0,"lineJoin":"miter","lineWidth":2,"lineWidthVariance":0,"miterLimit":4}},{"type":"ellipse","cutout":0,"bbox":{"x":1369.9999999999654,"y":134.19996643066406,"width":48.594429684409654,"height":56.799994384766485,"rotation":0,"scale":{"x":0.9858147509059308,"y":1},"skew":{"x":0,"y":0},"anchor":{"x":0,"y":0}},"blend":"normal","id":"7525d29e-dc40-491a-9e94-da6e9208c9ae","idx":14,"parentId":"Top","pointerId":"you_66556","seed":1436540013,"fill":{"method":"fill","blend":"normal","enabled":true,"opacity":1,"type":"color","color":"#f3bea0"},"filter":{"enabled":true,"opened":true,"stack":[]},"stroke":{"method":"stroke","blend":"normal","enabled":true,"opacity":1,"type":"color","color":"#f3bea0","alignment":0.5,"lineCap":"round","lineDash":"none","lineDashOffset":0,"lineJoin":"miter","lineWidth":2,"lineWidthVariance":0,"miterLimit":4}},{"type":"path","iteration":1,"path":[{"cmd":"M","x":0,"y":0},{"cmd":"C","x1":0,"y1":45,"x2":36,"y2":37,"x":36,"y":37},{"cmd":"C","x1":36,"y1":37,"x2":35,"y2":0,"x":35,"y":0}],"bbox":{"x":1172.8000793,"y":326.7999725,"width":50,"height":51.55038968019349,"rotation":0,"scale":{"x":1,"y":1},"skew":{"x":0,"y":0},"anchor":{"x":0,"y":0}},"blend":"normal","id":"99cd8c3a-10d9-433d-8491-2103c9b075e9","idx":15,"parentId":"Top","pointerId":"99cd8c3a-10d9-433d-8491-2103c9b075e9","seed":1,"fill":{"method":"fill","blend":"normal","enabled":true,"opacity":1,"type":"color","color":"#f3bea0"},"filter":{"enabled":true,"opened":true,"stack":[]},"stroke":{"method":"stroke","blend":"normal","enabled":true,"opacity":1,"type":"color","color":"#f3bea0","alignment":0.5,"lineCap":"round","lineDash":"none","lineDashOffset":0,"lineJoin":"miter","lineWidth":7,"lineWidthVariance":0,"miterLimit":4}},{"type":"square","cutout":0,"roundness":0,"bbox":{"x":1271.6413376714127,"y":413.2021255589824,"width":47.58502650231712,"height":47.58502650231712,"rotation":6.217930620306703,"scale":{"x":1.1150395007430567,"y":2.9672844464112016},"skew":{"x":0,"y":0},"anchor":{"x":0,"y":0}},"blend":"normal","id":"dd52326b-c180-4138-9301-b227f2438d4f","idx":16,"parentId":"Top","pointerId":"you_66117","seed":1950450723,"fill":{"method":"fill","blend":"normal","enabled":true,"opacity":1,"type":"color","color":"#9f9f9f"},"stroke":{"method":"stroke","blend":"normal","enabled":true,"opacity":1,"type":"color","color":"#979797","alignment":0.5,"lineCap":"round","lineDash":"none","lineDashOffset":0,"lineJoin":"miter","lineWidth":2,"lineWidthVariance":0,"miterLimit":4}},{"type":"square","cutout":0,"roundness":0,"bbox":{"x":1221.8846354345108,"y":409.52894551603254,"width":47.58502650231712,"height":47.58502650231712,"rotation":0.016408553536839676,"scale":{"x":1.060115242608155,"y":3.0520619713887154},"skew":{"x":0,"y":0},"anchor":{"x":0,"y":0}},"blend":"normal","id":"f9360afc-6eae-4e80-b4db-139670ad9feb","idx":17,"parentId":"Top","pointerId":"you_66117","seed":1950450723,"fill":{"method":"fill","blend":"normal","enabled":true,"opacity":1,"type":"color","color":"#9f9f9f"},"filter":{"enabled":true,"opened":true,"stack":[]},"stroke":{"method":"stroke","blend":"normal","enabled":true,"opacity":1,"type":"color","color":"#979797","alignment":0.5,"lineCap":"round","lineDash":"none","lineDashOffset":0,"lineJoin":"miter","lineWidth":2,"lineWidthVariance":0,"miterLimit":4}},{"type":"square","cutout":0,"roundness":0,"bbox":{"x":1212.4310295097412,"y":230.25853470185353,"width":98.65876185483465,"height":98.65876185483465,"rotation":6.2466111238590525,"scale":{"x":1.073532477519352,"y":1.860456381525622},"skew":{"x":0,"y":0},"anchor":{"x":0,"y":0}},"blend":"normal","id":"fb433f39-f40c-4d9e-a54b-ac343e6bf6dc","idx":18,"parentId":"Top","pointerId":"you_66007","seed":686725915,"fill":{"method":"fill","blend":"normal","enabled":true,"opacity":1,"type":"color","color":"#80563c"},"filter":{"enabled":true,"opened":true,"stack":[]},"stroke":{"method":"stroke","blend":"normal","enabled":true,"opacity":1,"type":"color","color":"#b2795b","alignment":0.5,"lineCap":"round","lineDash":"none","lineDashOffset":0,"lineJoin":"miter","lineWidth":2,"lineWidthVariance":0,"miterLimit":4}},{"type":"ellipse","cutout":0,"bbox":{"x":1199.4998460903662,"y":120.09986677459983,"width":100,"height":60,"rotation":0,"scale":{"x":1.3177554391293549,"y":2.1017910818378844},"skew":{"x":0,"y":0},"anchor":{"x":0,"y":0}},"blend":"normal","id":"b7b3b769-fc1c-4545-90a0-6c8520f670ed","idx":19,"parentId":"Top","pointerId":"you_65636","seed":768525635,"fill":{"method":"fill","blend":"normal","enabled":true,"opacity":1,"type":"color","color":"#f3bea0"},"filter":{"enabled":true,"opened":true,"stack":[]},"stroke":{"method":"stroke","blend":"normal","enabled":true,"opacity":1,"type":"color","color":"#fdc9ae","alignment":0.5,"lineCap":"round","lineDash":"none","lineDashOffset":0,"lineJoin":"miter","lineWidth":2,"lineWidthVariance":0,"miterLimit":4}},{"type":"ellipse","cutout":0,"bbox":{"x":1216.2316474152767,"y":76.97514831197589,"width":76.70681648059421,"height":44.80000805663879,"rotation":0.03183698018893377,"scale":{"x":0.9385302720263848,"y":0.9385302720263847},"skew":{"x":0,"y":0},"anchor":{"x":0,"y":0}},"blend":"normal","id":"faa439f1-1d06-4240-81ff-9172ff2cea23","idx":20,"parentId":"Top","pointerId":"you_65588","seed":1815850534,"fill":{"method":"fill","blend":"normal","enabled":true,"opacity":1,"type":"color","color":"#bfbfbf"},"filter":{"enabled":true,"opened":true,"stack":[]},"stroke":{"method":"stroke","blend":"normal","enabled":true,"opacity":1,"type":"color","color":"#bfbfbf","alignment":0.5,"lineCap":"round","lineDash":"none","lineDashOffset":0,"lineJoin":"miter","lineWidth":2,"lineWidthVariance":0,"miterLimit":4}},{"type":"ellipse","cutout":0,"bbox":{"x":1259.6000671386719,"y":94.19999694824219,"width":75.29879254982205,"height":40.800012084959086,"rotation":0,"scale":{"x":1,"y":1},"skew":{"x":0,"y":0},"anchor":{"x":0,"y":0}},"blend":"normal","id":"e5aed0ef-872b-450c-98f5-373596b01cfd","idx":21,"parentId":"Top","pointerId":"you_65603","seed":686718541,"fill":{"method":"fill","blend":"normal","enabled":true,"opacity":1,"type":"color","color":"#bfbfbf"},"filter":{"enabled":true,"opened":true,"stack":[]},"stroke":{"method":"stroke","blend":"normal","enabled":true,"opacity":1,"type":"color","color":"#bfbfbf","alignment":0.5,"lineCap":"round","lineDash":"none","lineDashOffset":0,"lineJoin":"miter","lineWidth":2,"lineWidthVariance":0,"miterLimit":4}},{"type":"ellipse","cutout":0,"bbox":{"x":1190.0300400258368,"y":98.95813051311617,"width":61.67665746672457,"height":47.30542305215947,"rotation":6.265103753751234,"scale":{"x":0.8996319481499786,"y":0.8996319481499786},"skew":{"x":0,"y":0},"anchor":{"x":0,"y":0}},"blend":"normal","id":"a390b417-9277-4c5a-a19a-6bd03e6acc25","idx":22,"parentId":"Top","pointerId":"you_65604","seed":975746869,"fill":{"method":"fill","blend":"normal","enabled":true,"opacity":1,"type":"color","color":"#bfbfbf"},"filter":{"enabled":true,"opened":true,"stack":[]},"stroke":{"method":"stroke","blend":"normal","enabled":true,"opacity":1,"type":"color","color":"#bfbfbf","alignment":0.5,"lineCap":"round","lineDash":"none","lineDashOffset":0,"lineJoin":"miter","lineWidth":2,"lineWidthVariance":0,"miterLimit":4}},{"type":"ellipse","cutout":0,"bbox":{"x":1161.2000732421875,"y":118.65768309775194,"width":73.49398365593822,"height":59.28146949734936,"rotation":0,"scale":{"x":0.8134716111460297,"y":0.8134716111460297},"skew":{"x":0,"y":0},"anchor":{"x":0,"y":0}},"blend":"normal","id":"50299522-e5dd-4852-8ed3-6f89c9abcaaf","idx":23,"parentId":"Top","pointerId":"you_65605","seed":1191349826,"fill":{"method":"fill","blend":"normal","enabled":true,"opacity":1,"type":"color","color":"#bfbfbf"},"filter":{"enabled":true,"opened":true,"stack":[]},"stroke":{"method":"stroke","blend":"normal","enabled":true,"opacity":1,"type":"color","color":"#bfbfbf","alignment":0.5,"lineCap":"round","lineDash":"none","lineDashOffset":0,"lineJoin":"miter","lineWidth":2,"lineWidthVariance":0,"miterLimit":4}},{"type":"ellipse","cutout":0,"bbox":{"x":1213.6000671386719,"y":118.19999694824219,"width":77.60000610351562,"height":40.79999682617236,"rotation":0,"scale":{"x":1,"y":1},"skew":{"x":0,"y":0},"anchor":{"x":0,"y":0}},"blend":"normal","id":"6d2be0e1-c30c-4204-907f-b43511fbe0c4","idx":24,"parentId":"Top","pointerId":"you_65610","seed":1500811723,"fill":{"method":"fill","blend":"normal","enabled":true,"opacity":1,"type":"color","color":"#bfbfbf"},"filter":{"enabled":true,"opened":true,"stack":[]},"stroke":{"method":"stroke","blend":"normal","enabled":true,"opacity":1,"type":"color","color":"#bfbfbf","alignment":0.5,"lineCap":"round","lineDash":"none","lineDashOffset":0,"lineJoin":"miter","lineWidth":2,"lineWidthVariance":0,"miterLimit":4}},{"type":"ellipse","cutout":0,"bbox":{"x":1272.6000671386719,"y":111.19999694823835,"width":70.45907934386607,"height":43.08617972893179,"rotation":0,"scale":{"x":1,"y":1},"skew":{"x":0,"y":0},"anchor":{"x":0,"y":0}},"blend":"normal","id":"fc13966a-215d-44ab-893f-5bdaab996e4f","idx":25,"parentId":"Top","pointerId":"you_65612","seed":288480339,"fill":{"method":"fill","blend":"normal","enabled":true,"opacity":1,"type":"color","color":"#bfbfbf"},"filter":{"enabled":true,"opened":true,"stack":[]},"stroke":{"method":"stroke","blend":"normal","enabled":true,"opacity":1,"type":"color","color":"#bfbfbf","alignment":0.5,"lineCap":"round","lineDash":"none","lineDashOffset":0,"lineJoin":"miter","lineWidth":2,"lineWidthVariance":0,"miterLimit":4}},{"type":"ellipse","cutout":0,"bbox":{"x":1161.6000671386719,"y":145.1999969482422,"width":49.600006103515625,"height":49.700595793204144,"rotation":0,"scale":{"x":1,"y":1},"skew":{"x":0,"y":0},"anchor":{"x":0,"y":0}},"blend":"normal","id":"f0e7d797-264e-49e9-819e-de87f565572b","idx":26,"parentId":"Top","pointerId":"you_65613","seed":1859075648,"fill":{"method":"fill","blend":"normal","enabled":true,"opacity":1,"type":"color","color":"#bfbfbf"},"filter":{"enabled":true,"opened":true,"stack":[]},"stroke":{"method":"stroke","blend":"normal","enabled":true,"opacity":1,"type":"color","color":"#c0c0c0","alignment":0.5,"lineCap":"round","lineDash":"none","lineDashOffset":0,"lineJoin":"miter","lineWidth":2,"lineWidthVariance":0,"miterLimit":4}},{"type":"pencil","iteration":1,"path":[{"cmd":"M","x":0,"y":0}],"pathSmoothing":{"enabled":true,"alpha":0.5,"tension":1,"type":0},"bbox":{"x":156,"y":327,"width":2.01,"height":2.01,"rotation":0,"scale":{"x":1,"y":1},"skew":{"x":0,"y":0},"anchor":{"x":0,"y":0}},"blend":"normal","id":"02681e1b-ee37-4a97-861a-62a9026e2f66","idx":27,"parentId":"Top","pointerId":"you_65752","seed":1941329688,"fill":{"method":"fill","blend":"normal","enabled":true,"opacity":0,"type":"color","color":"#ffffff"},"filter":{"enabled":true,"opened":true,"stack":[]},"stroke":{"method":"stroke","blend":"normal","enabled":true,"opacity":1,"type":"color","color":"#ff5900","alignment":0.5,"lineCap":"round","lineDash":"none","lineDashOffset":0,"lineJoin":"miter","lineWidth":2,"lineWidthVariance":0,"miterLimit":4}},{"type":"circle","cutout":0,"bbox":{"x":1238.7128678270728,"y":177.95827558236306,"width":100,"height":100,"rotation":0,"scale":{"x":0.08956958442128303,"y":0.08956958442128303},"skew":{"x":0,"y":0},"anchor":{"x":0,"y":0}},"blend":"normal","id":"36800fe1-3256-4755-9f5b-043f405c2f32","idx":28,"parentId":"Top","pointerId":"you_65786","seed":1051745027,"fill":{"method":"fill","blend":"normal","enabled":true,"opacity":1,"type":"color","color":"#000000"},"filter":{"enabled":true,"opened":true,"stack":[]},"stroke":{"method":"stroke","blend":"normal","enabled":true,"opacity":1,"type":"color","color":"#b2795b","alignment":0.5,"lineCap":"round","lineDash":"none","lineDashOffset":0,"lineJoin":"miter","lineWidth":2,"lineWidthVariance":0,"miterLimit":4},"visible":true},{"type":"circle","cutout":0,"bbox":{"x":1286.112800688401,"y":175.75827863412087,"width":100,"height":100,"rotation":0,"scale":{"x":0.08956958442128303,"y":0.08956958442128303},"skew":{"x":0,"y":0},"anchor":{"x":0,"y":0}},"blend":"normal","id":"d0498e11-94f2-473a-9e51-14475370e4bc","idx":29,"parentId":"Top","pointerId":"you_65786","seed":1051745027,"fill":{"method":"fill","blend":"normal","enabled":true,"opacity":1,"type":"color","color":"#000000"},"stroke":{"method":"stroke","blend":"normal","enabled":true,"opacity":1,"type":"color","color":"#b2795b","alignment":0.5,"lineCap":"round","lineDash":"none","lineDashOffset":0,"lineJoin":"miter","lineWidth":2,"lineWidthVariance":0,"miterLimit":4},"visible":true},{"type":"path","iteration":1,"path":[{"cmd":"M","x":0,"y":39.25},{"cmd":"C","x1":58,"y1":-15.08,"x2":88,"y2":-9.75,"x":144,"y":35.25}],"bbox":{"x":1225.6000977,"y":167.97681421944677,"width":188,"height":83.25041878055325,"rotation":0,"scale":{"x":0.18866253034740543,"y":0.1886625303474054},"skew":{"x":0,"y":0},"anchor":{"x":0,"y":0}},"blend":"normal","id":"e73934f2-5e41-4273-88f5-f3d7e4989a3c","idx":30,"parentId":"Top","pointerId":"e73934f2-5e41-4273-88f5-f3d7e4989a3c","seed":1,"fill":{"method":"fill","blend":"normal","enabled":true,"opacity":0,"type":"color","color":"#ffffff"},"filter":{"enabled":true,"opened":true,"stack":[]},"stroke":{"method":"stroke","blend":"normal","enabled":true,"opacity":1,"type":"color","color":"#814f3d","alignment":0.5,"lineCap":"round","lineDash":"none","lineDashOffset":0,"lineJoin":"miter","lineWidth":22,"lineWidthVariance":0,"miterLimit":4},"visible":true,"exportable":true,"findable":true},{"type":"path","iteration":1,"path":[{"cmd":"M","x":0,"y":39.25},{"cmd":"C","x1":58,"y1":-15.08,"x2":88,"y2":-9.75,"x":144,"y":35.25}],"bbox":{"x":1273.0001221,"y":166.5776579,"width":188,"height":83.25041878055323,"rotation":0,"scale":{"x":0.18866253034740543,"y":0.1886625303474054},"skew":{"x":0,"y":0},"anchor":{"x":0,"y":0}},"blend":"normal","id":"05af4fc8-8998-473e-a038-f4c3752f1b49","idx":31,"parentId":"Top","pointerId":"e73934f2-5e41-4273-88f5-f3d7e4989a3c","seed":1,"stroke":{"method":"stroke","blend":"normal","enabled":true,"opacity":1,"type":"color","color":"#814f3d","alignment":0.5,"lineCap":"round","lineDash":"none","lineDashOffset":0,"lineJoin":"miter","lineWidth":22,"lineWidthVariance":0,"miterLimit":4}},{"type":"path","iteration":1,"path":[{"cmd":"M","x":0,"y":0},{"cmd":"C","x1":18,"y1":25,"x2":34,"y2":1,"x":34,"y":1}],"bbox":{"x":1241.8000793,"y":210.8000488,"width":48,"height":25.37643085006568,"rotation":0,"scale":{"x":1,"y":1},"skew":{"x":0,"y":0},"anchor":{"x":0,"y":0}},"blend":"normal","id":"0282511a-5d68-4363-9d4f-8d24b83f38aa","idx":32,"parentId":"Top","pointerId":"you_65956","seed":1,"fill":{"method":"fill","blend":"normal","enabled":true,"opacity":1,"type":"color","color":"#814f3d"},"filter":{"enabled":true,"opened":true,"stack":[]},"stroke":{"method":"stroke","blend":"normal","enabled":true,"opacity":1,"type":"color","color":"#814f3d","alignment":0.5,"lineCap":"round","lineDash":"none","lineDashOffset":0,"lineJoin":"miter","lineWidth":7,"lineWidthVariance":0,"miterLimit":4},"visible":true},{"type":"pencil","iteration":1,"path":[{"cmd":"M","x":0,"y":0},{"cmd":"L","x":0,"y":0},{"cmd":"L","x":0,"y":0},{"cmd":"L","x":0,"y":0},{"cmd":"L","x":1,"y":0},{"cmd":"L","x":2,"y":0},{"cmd":"L","x":4,"y":0},{"cmd":"L","x":5,"y":0},{"cmd":"L","x":6,"y":0},{"cmd":"L","x":7,"y":0},{"cmd":"L","x":8,"y":0},{"cmd":"L","x":9,"y":0},{"cmd":"L","x":10,"y":0},{"cmd":"L","x":11,"y":0},{"cmd":"L","x":12,"y":0},{"cmd":"L","x":13,"y":0},{"cmd":"L","x":14,"y":0},{"cmd":"L","x":15,"y":0},{"cmd":"L","x":16,"y":0},{"cmd":"L","x":17,"y":0},{"cmd":"L","x":18,"y":0},{"cmd":"L","x":19,"y":0},{"cmd":"L","x":20,"y":0},{"cmd":"L","x":21,"y":0},{"cmd":"L","x":22,"y":0},{"cmd":"L","x":23,"y":0},{"cmd":"L","x":24,"y":0},{"cmd":"L","x":25,"y":0},{"cmd":"L","x":26,"y":0},{"cmd":"L","x":27,"y":0}],"pathSmoothing":{"enabled":true,"alpha":0.5,"tension":1,"type":0},"bbox":{"x":1247.000061,"y":214.6000214,"width":35,"height":8,"rotation":0,"scale":{"x":1,"y":1},"skew":{"x":0,"y":0},"anchor":{"x":0,"y":0}},"blend":"normal","id":"73bdb8e3-ed7c-4a33-acbe-969b32a20609","idx":33,"parentId":"Top","pointerId":"you_65980","seed":71106475,"fill":{"method":"fill","blend":"normal","enabled":true,"opacity":0,"type":"color","color":"#814f3d"},"filter":{"enabled":true,"opened":true,"stack":[]},"stroke":{"method":"stroke","blend":"normal","enabled":true,"opacity":1,"type":"color","color":"#814f3d","alignment":0.5,"lineCap":"round","lineDash":"none","lineDashOffset":0,"lineJoin":"miter","lineWidth":6.4,"lineWidthVariance":0,"miterLimit":4}},{"type":"polyline","iteration":1,"path":[{"cmd":"M","x":0,"y":0},{"cmd":"L","x":11,"y":0},{"cmd":"L","x":22,"y":0},{"cmd":"L","x":33,"y":0}],"bbox":{"x":1242.000061,"y":209.6000214,"width":47,"height":14,"rotation":0,"scale":{"x":1,"y":1},"skew":{"x":0,"y":0},"anchor":{"x":0,"y":0}},"blend":"normal","id":"948ea619-9b02-4f8d-bcd1-6ffbccfb44e9","idx":34,"parentId":"Top","pointerId":"you_65988","seed":1,"fill":{"method":"fill","blend":"normal","enabled":true,"opacity":1,"type":"color","color":"#000000"},"filter":{"enabled":true,"opened":true,"stack":[]},"stroke":{"method":"stroke","blend":"normal","enabled":true,"opacity":1,"type":"color","color":"#814f3d","alignment":0.5,"lineCap":"round","lineDash":"none","lineDashOffset":0,"lineJoin":"miter","lineWidth":6.7,"lineWidthVariance":0,"miterLimit":4},"visible":true},{"type":"path","iteration":1,"path":[{"cmd":"M","x":39.6,"y":0.24},{"cmd":"C","x1":-20.4,"y1":-5.76,"x2":5.6,"y2":101.24,"x":5.6,"y":101.24},{"cmd":"C","x1":5.6,"y1":101.24,"x2":41.6,"y2":102.24,"x":41.6,"y":102.24}],"bbox":{"x":1168.1843261,"y":222.9468466,"width":55.60459183673469,"height":116.24322314049586,"rotation":0,"scale":{"x":1,"y":1},"skew":{"x":0,"y":0},"anchor":{"x":0,"y":0}},"blend":"normal","id":"8429a040-627d-4d65-8340-18a16824adb1","idx":35,"parentId":"Top","pointerId":"8429a040-627d-4d65-8340-18a16824adb1","seed":1,"fill":{"method":"fill","blend":"normal","enabled":true,"opacity":1,"type":"color","color":"#814f3d"},"filter":{"enabled":true,"opened":true,"stack":[]},"stroke":{"method":"stroke","blend":"normal","enabled":true,"opacity":1,"type":"color","color":"#814f3d","alignment":0.5,"lineCap":"round","lineDash":"none","lineDashOffset":0,"lineJoin":"miter","lineWidth":7,"lineWidthVariance":0,"miterLimit":4}},{"type":"pencil","iteration":1,"path":[{"cmd":"M","x":0,"y":0}],"pathSmoothing":{"enabled":true,"alpha":0.5,"tension":1,"type":0},"bbox":{"x":1265.000061,"y":194.6000214,"width":8.01,"height":8.01,"rotation":0,"scale":{"x":1,"y":1},"skew":{"x":0,"y":0},"anchor":{"x":0,"y":0}},"blend":"normal","id":"c01b4475-3312-4b19-8bfa-d375e8db4322","idx":36,"parentId":"Top","pointerId":"you_65983","seed":1754859865,"fill":{"method":"fill","blend":"normal","enabled":true,"opacity":0,"type":"color","color":"#814f3d"},"filter":{"enabled":true,"opened":true,"stack":[]},"stroke":{"method":"stroke","blend":"normal","enabled":true,"opacity":1,"type":"color","color":"#814f3d","alignment":0.5,"lineCap":"round","lineDash":"none","lineDashOffset":0,"lineJoin":"miter","lineWidth":6.4,"lineWidthVariance":0,"miterLimit":4}},{"type":"path","iteration":1,"path":[{"cmd":"M","x":0,"y":1},{"cmd":"C","x1":24,"y1":42,"x2":48,"y2":0,"x":48,"y":0}],"bbox":{"x":1274.7677425000002,"y":569.0472434,"width":62,"height":32.966528,"rotation":3.131322682366747,"scale":{"x":1,"y":1},"skew":{"x":0,"y":0},"anchor":{"x":0,"y":0}},"blend":"normal","id":"ac67dc5c-1f6a-4d0f-a0a5-4c5867dd987a","idx":37,"parentId":"Top","pointerId":"you_66223","seed":1,"fill":{"method":"fill","blend":"normal","enabled":true,"opacity":1,"type":"color","color":"#000000"},"filter":{"enabled":true,"opened":true,"stack":[]},"stroke":{"method":"stroke","blend":"normal","enabled":true,"opacity":1,"type":"color","color":"#000000","alignment":0.5,"lineCap":"round","lineDash":"none","lineDashOffset":0,"lineJoin":"miter","lineWidth":7,"lineWidthVariance":0,"miterLimit":4}},{"type":"pencil","iteration":1,"path":[{"cmd":"M","x":0,"y":0},{"cmd":"L","x":0,"y":0},{"cmd":"L","x":2.06,"y":0.41},{"cmd":"L","x":4.02,"y":0.65},{"cmd":"L","x":5.01,"y":0.73},{"cmd":"L","x":6.01,"y":0.8},{"cmd":"L","x":7,"y":0.85},{"cmd":"L","x":8,"y":0.89},{"cmd":"L","x":9,"y":0.92},{"cmd":"L","x":10,"y":0.94},{"cmd":"L","x":11,"y":0.95},{"cmd":"L","x":12,"y":0.96},{"cmd":"L","x":13,"y":0.97},{"cmd":"L","x":14,"y":0.98},{"cmd":"L","x":15,"y":0.98},{"cmd":"L","x":17,"y":0.99},{"cmd":"L","x":18,"y":0.99},{"cmd":"L","x":19,"y":0.99},{"cmd":"L","x":20,"y":1},{"cmd":"L","x":21,"y":1},{"cmd":"L","x":22,"y":1},{"cmd":"L","x":24,"y":1},{"cmd":"L","x":25,"y":1},{"cmd":"L","x":26,"y":1},{"cmd":"L","x":27,"y":1},{"cmd":"L","x":28,"y":1},{"cmd":"L","x":29,"y":1},{"cmd":"L","x":30,"y":1},{"cmd":"L","x":31,"y":1},{"cmd":"L","x":32,"y":1},{"cmd":"L","x":33,"y":1},{"cmd":"L","x":34,"y":1},{"cmd":"L","x":35,"y":1},{"cmd":"L","x":36,"y":1},{"cmd":"L","x":37,"y":1},{"cmd":"L","x":38,"y":1},{"cmd":"L","x":39,"y":1},{"cmd":"L","x":40,"y":1},{"cmd":"L","x":41,"y":1},{"cmd":"L","x":42,"y":1},{"cmd":"L","x":43,"y":1},{"cmd":"L","x":44,"y":1},{"cmd":"L","x":45,"y":1},{"cmd":"L","x":46,"y":1}],"pathSmoothing":{"enabled":true,"alpha":0.5,"tension":1,"type":0},"bbox":{"x":1215.6000671000002,"y":557.9996132,"width":54,"height":9.000740712964815,"rotation":0,"scale":{"x":1,"y":1},"skew":{"x":0,"y":0},"anchor":{"x":0,"y":0}},"blend":"normal","id":"e0555dd1-0f60-4007-947a-234669bcc6f2","idx":38,"parentId":"Top","pointerId":"you_66243","seed":1754859865,"fill":{"method":"fill","blend":"normal","enabled":true,"opacity":1,"type":"color","color":"#000000"},"filter":{"enabled":true,"opened":true,"stack":[]},"stroke":{"method":"stroke","blend":"normal","enabled":true,"opacity":1,"type":"color","color":"#000000","alignment":0.5,"lineCap":"round","lineDash":"none","lineDashOffset":0,"lineJoin":"miter","lineWidth":6.4,"lineWidthVariance":0,"miterLimit":4}},{"type":"path","iteration":1,"path":[{"cmd":"M","x":0,"y":1},{"cmd":"C","x1":24,"y1":42,"x2":48,"y2":0,"x":48,"y":0}],"bbox":{"x":1339.9091491,"y":564.8856486,"width":62,"height":32.966528,"rotation":3.0693423347132125,"scale":{"x":1,"y":1},"skew":{"x":0,"y":0},"anchor":{"x":0,"y":0}},"blend":"normal","id":"a92221cc-c00a-490f-a576-738cd056b346","idx":39,"parentId":"Top","pointerId":"you_66223","seed":1,"fill":{"method":"fill","blend":"normal","enabled":true,"opacity":1,"type":"color","color":"#000000"},"stroke":{"method":"stroke","blend":"normal","enabled":true,"opacity":1,"type":"color","color":"#000000","alignment":0.5,"lineCap":"round","lineDash":"none","lineDashOffset":0,"lineJoin":"miter","lineWidth":7,"lineWidthVariance":0,"miterLimit":4}},{"type":"pencil","iteration":1,"path":[{"cmd":"M","x":0,"y":0},{"cmd":"L","x":0,"y":0},{"cmd":"L","x":2.06,"y":0.41},{"cmd":"L","x":4.02,"y":0.65},{"cmd":"L","x":5.01,"y":0.73},{"cmd":"L","x":6.01,"y":0.8},{"cmd":"L","x":7,"y":0.85},{"cmd":"L","x":8,"y":0.89},{"cmd":"L","x":9,"y":0.92},{"cmd":"L","x":10,"y":0.94},{"cmd":"L","x":11,"y":0.95},{"cmd":"L","x":12,"y":0.96},{"cmd":"L","x":13,"y":0.97},{"cmd":"L","x":14,"y":0.98},{"cmd":"L","x":15,"y":0.98},{"cmd":"L","x":17,"y":0.99},{"cmd":"L","x":18,"y":0.99},{"cmd":"L","x":19,"y":0.99},{"cmd":"L","x":20,"y":1},{"cmd":"L","x":21,"y":1},{"cmd":"L","x":22,"y":1},{"cmd":"L","x":24,"y":1},{"cmd":"L","x":25,"y":1},{"cmd":"L","x":26,"y":1},{"cmd":"L","x":27,"y":1},{"cmd":"L","x":28,"y":1},{"cmd":"L","x":29,"y":1},{"cmd":"L","x":30,"y":1},{"cmd":"L","x":31,"y":1},{"cmd":"L","x":32,"y":1},{"cmd":"L","x":33,"y":1},{"cmd":"L","x":34,"y":1},{"cmd":"L","x":35,"y":1},{"cmd":"L","x":36,"y":1},{"cmd":"L","x":37,"y":1},{"cmd":"L","x":38,"y":1},{"cmd":"L","x":39,"y":1},{"cmd":"L","x":40,"y":1},{"cmd":"L","x":41,"y":1},{"cmd":"L","x":42,"y":1},{"cmd":"L","x":43,"y":1},{"cmd":"L","x":44,"y":1},{"cmd":"L","x":45,"y":1},{"cmd":"L","x":46,"y":1}],"pathSmoothing":{"enabled":true,"alpha":0.5,"tension":1,"type":0},"bbox":{"x":1280.1707879,"y":557.5241174,"width":54,"height":9.000740712964815,"rotation":6.2212049595260535,"scale":{"x":1,"y":1},"skew":{"x":0,"y":0},"anchor":{"x":0,"y":0}},"blend":"normal","id":"5d492269-bfef-41de-9510-8c73d5f607f2","idx":40,"parentId":"Top","pointerId":"you_66243","seed":1754859865,"fill":{"method":"fill","blend":"normal","enabled":true,"opacity":1,"type":"color","color":"#000000"},"stroke":{"method":"stroke","blend":"normal","enabled":true,"opacity":1,"type":"color","color":"#000000","alignment":0.5,"lineCap":"round","lineDash":"none","lineDashOffset":0,"lineJoin":"miter","lineWidth":6.4,"lineWidthVariance":0,"miterLimit":4}},{"type":"ellipse","cutout":0,"bbox":{"x":704.1539243367573,"y":108.58863958878679,"width":100,"height":60,"rotation":0,"scale":{"x":1.0885564844127777,"y":1.7362237658660067},"skew":{"x":0,"y":0},"anchor":{"x":0,"y":0}},"blend":"normal","id":"bd8df760-85eb-4317-8e2b-1eece752b46e","idx":41,"parentId":"Top","pointerId":"you_65636","seed":768525635,"fill":{"method":"fill","blend":"normal","enabled":true,"opacity":1,"type":"color","color":"#f3bea0"},"stroke":{"method":"stroke","blend":"normal","enabled":true,"opacity":1,"type":"color","color":"#fdc9ae","alignment":0.5,"lineCap":"round","lineDash":"none","lineDashOffset":0,"lineJoin":"miter","lineWidth":2,"lineWidthVariance":0,"miterLimit":4}},{"type":"ellipse","cutout":0,"bbox":{"x":723.4785333793229,"y":69.18524377996224,"width":76.70681648059421,"height":44.80000805663879,"rotation":0,"scale":{"x":0.8260686710820869,"y":0.826068671082088},"skew":{"x":0,"y":0},"anchor":{"x":0,"y":0}},"blend":"normal","id":"183ca9b3-39cd-4583-9aa1-b421cc259f0e","idx":42,"parentId":"Top","pointerId":"you_65588","seed":1815850534,"fill":{"method":"fill","blend":"normal","enabled":true,"opacity":1,"type":"color","color":"#bfbfbf"},"stroke":{"method":"stroke","blend":"normal","enabled":true,"opacity":1,"type":"color","color":"#bfbfbf","alignment":0.5,"lineCap":"round","lineDash":"none","lineDashOffset":0,"lineJoin":"miter","lineWidth":2,"lineWidthVariance":0,"miterLimit":4}},{"type":"ellipse","cutout":0,"bbox":{"x":760.4094338577578,"y":85.70661720160398,"width":75.29879254982205,"height":40.800012084959086,"rotation":0,"scale":{"x":0.8260686710820869,"y":0.826068671082088},"skew":{"x":0,"y":0},"anchor":{"x":0,"y":0}},"blend":"normal","id":"d1dccd19-afa3-4d3a-97ee-5c14b42f8863","idx":43,"parentId":"Top","pointerId":"you_65603","seed":686718541,"fill":{"method":"fill","blend":"normal","enabled":true,"opacity":1,"type":"color","color":"#bfbfbf"},"stroke":{"method":"stroke","blend":"normal","enabled":true,"opacity":1,"type":"color","color":"#bfbfbf","alignment":0.5,"lineCap":"round","lineDash":"none","lineDashOffset":0,"lineJoin":"miter","lineWidth":2,"lineWidthVariance":0,"miterLimit":4}},{"type":"ellipse","cutout":0,"bbox":{"x":698.4542835266017,"y":84.88054853052193,"width":61.67665746672457,"height":47.30542305215947,"rotation":0,"scale":{"x":0.8260686710820869,"y":0.826068671082088},"skew":{"x":0,"y":0},"anchor":{"x":0,"y":0}},"blend":"normal","id":"e79e8c6e-976e-4c43-9a14-b7f0b7ce666b","idx":44,"parentId":"Top","pointerId":"you_65604","seed":975746869,"fill":{"method":"fill","blend":"normal","enabled":true,"opacity":1,"type":"color","color":"#bfbfbf"},"stroke":{"method":"stroke","blend":"normal","enabled":true,"opacity":1,"type":"color","color":"#bfbfbf","alignment":0.5,"lineCap":"round","lineDash":"none","lineDashOffset":0,"lineJoin":"miter","lineWidth":2,"lineWidthVariance":0,"miterLimit":4}},{"type":"ellipse","cutout":0,"bbox":{"x":679.1242816652034,"y":105.91034549687237,"width":73.49398365593822,"height":59.28146949734936,"rotation":0,"scale":{"x":0.6719834127824051,"y":0.671983412782406},"skew":{"x":0,"y":0},"anchor":{"x":0,"y":0}},"blend":"normal","id":"f6ba9d84-4f5b-4627-9437-7741ff636a4c","idx":45,"parentId":"Top","pointerId":"you_65605","seed":1191349826,"fill":{"method":"fill","blend":"normal","enabled":true,"opacity":1,"type":"color","color":"#bfbfbf"},"stroke":{"method":"stroke","blend":"normal","enabled":true,"opacity":1,"type":"color","color":"#bfbfbf","alignment":0.5,"lineCap":"round","lineDash":"none","lineDashOffset":0,"lineJoin":"miter","lineWidth":2,"lineWidthVariance":0,"miterLimit":4}},{"type":"ellipse","cutout":0,"bbox":{"x":722.4102749879819,"y":105.53226530757414,"width":77.60000610351562,"height":40.79999682617236,"rotation":0,"scale":{"x":0.8260686710820869,"y":0.826068671082088},"skew":{"x":0,"y":0},"anchor":{"x":0,"y":0}},"blend":"normal","id":"c817cf0e-6d5c-4eac-b96a-b7cc21b92d3e","idx":46,"parentId":"Top","pointerId":"you_65610","seed":1500811723,"fill":{"method":"fill","blend":"normal","enabled":true,"opacity":1,"type":"color","color":"#bfbfbf"},"stroke":{"method":"stroke","blend":"normal","enabled":true,"opacity":1,"type":"color","color":"#bfbfbf","alignment":0.5,"lineCap":"round","lineDash":"none","lineDashOffset":0,"lineJoin":"miter","lineWidth":2,"lineWidthVariance":0,"miterLimit":4}},{"type":"ellipse","cutout":0,"bbox":{"x":693.8283191362342,"y":130.14910162197106,"width":70.45907934386607,"height":43.08617972893179,"rotation":0,"scale":{"x":0.8260686710820869,"y":0.826068671082088},"skew":{"x":0,"y":0},"anchor":{"x":0,"y":0}},"blend":"normal","id":"60cc6de9-a979-4c92-b073-9a3fb25ec4e6","idx":47,"parentId":"Top","pointerId":"you_65612","seed":288480339,"fill":{"method":"fill","blend":"normal","enabled":true,"opacity":1,"type":"color","color":"#bfbfbf"},"stroke":{"method":"stroke","blend":"normal","enabled":true,"opacity":1,"type":"color","color":"#bfbfbf","alignment":0.5,"lineCap":"round","lineDash":"none","lineDashOffset":0,"lineJoin":"miter","lineWidth":2,"lineWidthVariance":0,"miterLimit":4}},{"type":"ellipse","cutout":0,"bbox":{"x":679.4547040917137,"y":127.83611942679056,"width":49.600006103515625,"height":49.700595793204144,"rotation":0,"scale":{"x":0.8260686710820869,"y":0.826068671082088},"skew":{"x":0,"y":0},"anchor":{"x":0,"y":0}},"blend":"normal","id":"4559cf45-80bd-44cd-a95a-31c5cdb521ee","idx":48,"parentId":"Top","pointerId":"you_65613","seed":1859075648,"fill":{"method":"fill","blend":"normal","enabled":true,"opacity":1,"type":"color","color":"#bfbfbf"},"stroke":{"method":"stroke","blend":"normal","enabled":true,"opacity":1,"type":"color","color":"#bfbfbf","alignment":0.5,"lineCap":"round","lineDash":"none","lineDashOffset":0,"lineJoin":"miter","lineWidth":2,"lineWidthVariance":0,"miterLimit":4}},{"type":"circle","cutout":0,"bbox":{"x":799.6216723174203,"y":152.26439151993188,"width":3.999902526767714,"height":3.999902526767714,"rotation":0.007992077941064935,"scale":{"x":1.1456861127768752,"y":1.1456861127768785},"skew":{"x":0,"y":0},"anchor":{"x":0,"y":0}},"blend":"normal","id":"0862483d-9017-4589-9071-1e4e29996d9a","idx":49,"parentId":"Top","pointerId":"you_66433","seed":511224938,"fill":{"method":"fill","blend":"normal","enabled":true,"opacity":1,"type":"color","color":"#000000"},"filter":{"enabled":true,"opened":true,"stack":[]},"stroke":{"method":"stroke","blend":"normal","enabled":true,"opacity":1,"type":"color","color":"#000000","alignment":0.5,"lineCap":"round","lineDash":"none","lineDashOffset":0,"lineJoin":"miter","lineWidth":3.3000000000000003,"lineWidthVariance":0,"miterLimit":4}},{"type":"circle","cutout":0,"bbox":{"x":774.0135939331061,"y":156.39470966572708,"width":3.999902526767714,"height":3.999902526767714,"rotation":0.007992077941064935,"scale":{"x":1.1456861127768752,"y":1.1456861127768785},"skew":{"x":0,"y":0},"anchor":{"x":0,"y":0}},"blend":"normal","id":"5be38107-2727-42a3-b940-e870a7320b48","idx":50,"parentId":"Top","pointerId":"you_66433","seed":511224938,"fill":{"method":"fill","blend":"normal","enabled":true,"opacity":1,"type":"color","color":"#000000"},"stroke":{"method":"stroke","blend":"normal","enabled":true,"opacity":1,"type":"color","color":"#000000","alignment":0.5,"lineCap":"round","lineDash":"none","lineDashOffset":0,"lineJoin":"miter","lineWidth":3.3000000000000003,"lineWidthVariance":0,"miterLimit":4}},{"type":"path","iteration":1,"path":[{"cmd":"M","x":0,"y":94},{"cmd":"C","x1":97,"y1":95,"x2":91,"y2":3,"x":91,"y":3},{"cmd":"C","x1":91,"y1":3,"x2":54,"y2":0,"x":54,"y":0},{"cmd":"C","x1":54,"y1":0,"x2":38,"y2":43,"x":38,"y":43},{"cmd":"C","x1":38,"y1":43,"x2":1,"y2":53,"x":1,"y":53},{"cmd":"C","x1":1,"y1":53,"x2":6,"y2":92,"x":0,"y":94},{"cmd":"Z"}],"bbox":{"x":1312.6000977,"y":169.1999969,"width":105.07272115141824,"height":108.0080934989043,"rotation":0,"scale":{"x":1,"y":1},"skew":{"x":0,"y":0},"anchor":{"x":0,"y":0}},"blend":"normal","id":"7632e398-b07a-4772-8086-57074a8f8bb6","idx":51,"parentId":"Top","pointerId":"you_66345","seed":1,"fill":{"method":"fill","blend":"normal","enabled":true,"opacity":1,"type":"color","color":"#814f3d"},"filter":{"enabled":true,"opened":true,"stack":[]},"stroke":{"method":"stroke","blend":"normal","enabled":true,"opacity":1,"type":"color","color":"#814f3d","alignment":0.5,"lineCap":"round","lineDash":"none","lineDashOffset":0,"lineJoin":"miter","lineWidth":7,"lineWidthVariance":0,"miterLimit":4}},{"type":"star","cutout":0,"sides":5,"slope":0.5,"whirl":0,"bbox":{"x":1353.4547857647733,"y":50.887083067483005,"width":32.5091541980417,"height":32.5091541980417,"rotation":6.158830283289051,"scale":{"x":1.2121061653531338,"y":1.2121061653531338},"skew":{"x":0,"y":0},"anchor":{"x":0,"y":0}},"blend":"normal","id":"1540c1dc-395a-4075-8082-acd9ea9d15e4","idx":52,"parentId":"Top","pointerId":"you_66473","seed":1954914683,"fill":{"method":"fill","blend":"normal","enabled":true,"opacity":1,"type":"color","color":"#fffd07"},"filter":{"enabled":true,"opened":true,"stack":[]},"stroke":{"method":"stroke","blend":"normal","enabled":true,"opacity":1,"type":"color","color":"#000000","alignment":0.5,"lineCap":"round","lineDash":"none","lineDashOffset":0,"lineJoin":"miter","lineWidth":2,"lineWidthVariance":0,"miterLimit":4}},{"type":"path","iteration":1,"path":[{"cmd":"M","x":0,"y":20.98},{"cmd":"C","x1":1,"y1":-25.02,"x2":8,"y2":18.98,"x":8,"y":18.98}],"bbox":{"x":1376.4000244,"y":107.62382690000001,"width":22,"height":34.976163956337714,"rotation":0,"scale":{"x":1,"y":1},"skew":{"x":0,"y":0},"anchor":{"x":0,"y":0}},"blend":"normal","id":"1f704f0f-64fa-4470-b6de-bef2406f64df","idx":53,"parentId":"Top","pointerId":"you_66570","seed":1,"fill":{"method":"fill","blend":"normal","enabled":true,"opacity":1,"type":"color","color":"#f3bea0"},"filter":{"enabled":true,"opened":true,"stack":[]},"stroke":{"method":"stroke","blend":"normal","enabled":true,"opacity":1,"type":"color","color":"#f3bea0","alignment":0.5,"lineCap":"round","lineDash":"none","lineDashOffset":0,"lineJoin":"miter","lineWidth":7,"lineWidthVariance":0,"miterLimit":4}},{"type":"triangle","cutout":0,"bbox":{"x":1202.9890573217622,"y":64.19458338569763,"width":76.26655414417196,"height":76.26655414417196,"rotation":6.170955454724435,"scale":{"x":1.1095439765746196,"y":0.6012732437504176},"skew":{"x":0,"y":0},"anchor":{"x":0,"y":0}},"blend":"normal","id":"bf5647fc-0833-40b8-b6f7-530623016027","idx":54,"parentId":"Top","pointerId":"you_66583","seed":2102100852,"fill":{"method":"fill","blend":"normal","enabled":true,"opacity":1,"type":"color","color":"#27385e"},"filter":{"enabled":true,"opened":true,"stack":[]},"stroke":{"method":"stroke","blend":"normal","enabled":true,"opacity":1,"type":"color","color":"#ffff49","alignment":0.5,"lineCap":"round","lineDash":"none","lineDashOffset":0,"lineJoin":"miter","lineWidth":2,"lineWidthVariance":0,"miterLimit":4}},{"type":"path","iteration":1,"path":[{"cmd":"M","x":0,"y":7.56},{"cmd":"C","x1":21,"y1":-9.44,"x2":28,"y2":7.56,"x":28,"y":7.56}],"bbox":{"x":757.7635588523242,"y":149.77553472875644,"width":38,"height":17.555555555555554,"rotation":6.027316124870106,"scale":{"x":0.8260686710820869,"y":0.826068671082088},"skew":{"x":0,"y":0},"anchor":{"x":0,"y":0}},"blend":"normal","id":"2c11d288-7b9e-4080-895d-0643a4f0d876","idx":55,"parentId":"Top","pointerId":"2c11d288-7b9e-4080-895d-0643a4f0d876","seed":1,"fill":{"method":"fill","blend":"normal","enabled":true,"opacity":0,"type":"color","color":"#000000"},"filter":{"enabled":true,"opened":true,"stack":[]},"stroke":{"method":"stroke","blend":"normal","enabled":true,"opacity":1,"type":"color","color":"#000000","alignment":0.5,"lineCap":"round","lineDash":"none","lineDashOffset":0,"lineJoin":"miter","lineWidth":4.7,"lineWidthVariance":0,"miterLimit":4}},{"type":"path","iteration":1,"path":[{"cmd":"M","x":0,"y":7.56},{"cmd":"C","x1":21,"y1":-9.44,"x2":28,"y2":7.56,"x":28,"y":7.56}],"bbox":{"x":783.7020848689017,"y":144.65024006813013,"width":38,"height":17.555555555555554,"rotation":6.027316124870106,"scale":{"x":0.8260686710820869,"y":0.826068671082088},"skew":{"x":0,"y":0},"anchor":{"x":0,"y":0}},"blend":"normal","id":"996b614f-8cec-426d-9c8a-b2801b5fa3b7","idx":56,"parentId":"Top","pointerId":"2c11d288-7b9e-4080-895d-0643a4f0d876","seed":1,"stroke":{"method":"stroke","blend":"normal","enabled":true,"opacity":1,"type":"color","color":"#000000","alignment":0.5,"lineCap":"round","lineDash":"none","lineDashOffset":0,"lineJoin":"miter","lineWidth":4.7,"lineWidthVariance":0,"miterLimit":4}},{"type":"path","iteration":1,"path":[{"cmd":"M","x":0,"y":37},{"cmd":"C","x1":88,"y1":104,"x2":146,"y2":25,"x":146,"y":25},{"cmd":"L","x":125,"y":0},{"cmd":"L","x":78,"y":27},{"cmd":"L","x":29,"y":11}],"bbox":{"x":738.2707279455084,"y":210.11251368805029,"width":156,"height":73.95616790123458,"rotation":0,"scale":{"x":0.8260686710820869,"y":0.826068671082088},"skew":{"x":0,"y":0},"anchor":{"x":0,"y":0}},"blend":"normal","id":"0277f295-1fe6-4a7e-ac5b-b4da2557c10f","idx":57,"parentId":"Top","pointerId":"0277f295-1fe6-4a7e-ac5b-b4da2557c10f","seed":1,"fill":{"method":"fill","blend":"normal","enabled":true,"opacity":1,"type":"color","color":"#814f3d"},"filter":{"enabled":true,"opened":true,"stack":[]},"stroke":{"method":"stroke","blend":"normal","enabled":true,"opacity":1,"type":"color","color":"#814f3d","alignment":0.5,"lineCap":"round","lineDash":"none","lineDashOffset":0,"lineJoin":"miter","lineWidth":4.7,"lineWidthVariance":0,"miterLimit":4}},{"type":"path","iteration":1,"path":[{"cmd":"M","x":0,"y":5.32},{"cmd":"C","x1":49,"y1":-15.68,"x2":22,"y2":32.32,"x":22,"y":32.32},{"cmd":"C","x1":22,"y1":32.32,"x2":8,"y2":18.32,"x":8,"y":18.32}],"bbox":{"x":845.6597055775898,"y":202.74765101729392,"width":39.42124611179187,"height":42.315581854043394,"rotation":0,"scale":{"x":0.8260686710820869,"y":0.826068671082088},"skew":{"x":0,"y":0},"anchor":{"x":0,"y":0}},"blend":"normal","id":"a064dd03-82e8-4fa7-94c7-8f983a84df83","idx":58,"parentId":"Top","pointerId":"you_66904","seed":1,"fill":{"method":"fill","blend":"normal","enabled":true,"opacity":1,"type":"color","color":"#f3bea0"},"filter":{"enabled":true,"opened":true,"stack":[]},"stroke":{"method":"stroke","blend":"normal","enabled":true,"opacity":1,"type":"color","color":"#f3bea0","alignment":0.5,"lineCap":"round","lineDash":"none","lineDashOffset":0,"lineJoin":"miter","lineWidth":4.7,"lineWidthVariance":0,"miterLimit":4}},{"type":"path","iteration":1,"path":[{"cmd":"M","x":0.06,"y":0.06},{"cmd":"C","x1":-0.94,"y1":-0.94,"x2":11.06,"y2":11.06,"x":11.06,"y":11.06}],"bbox":{"x":844.784733679779,"y":207.915852034969,"width":21.0592,"height":21.0592,"rotation":0,"scale":{"x":0.8260686710820869,"y":0.826068671082088},"skew":{"x":0,"y":0},"anchor":{"x":0,"y":0}},"blend":"normal","id":"557f14ef-609c-4a40-9a34-d9c2260e7cf1","idx":59,"parentId":"Top","pointerId":"you_66913","seed":1,"fill":{"method":"fill","blend":"normal","enabled":true,"opacity":1,"type":"color","color":"#f3bea0"},"filter":{"enabled":true,"opened":true,"stack":[]},"stroke":{"method":"stroke","blend":"normal","enabled":true,"opacity":1,"type":"color","color":"#f3bea0","alignment":0.5,"lineCap":"round","lineDash":"none","lineDashOffset":0,"lineJoin":"miter","lineWidth":4.7,"lineWidthVariance":0,"miterLimit":4}},{"type":"path","iteration":1,"path":[{"cmd":"M","x":4.55,"y":7.93},{"cmd":"C","x1":22.55,"y1":32.93,"x2":34.29,"y2":0,"x":34.29,"y":0},{"cmd":"C","x1":34.29,"y1":0,"x2":0,"y2":3.69,"x":0,"y":3.69},{"cmd":"C","x1":-0.01,"y1":3.66,"x2":2.97,"y2":10.41,"x":4.55,"y":7.93},{"cmd":"Z"}],"bbox":{"x":763.230938839114,"y":182.87288398097175,"width":48.29002510417861,"height":31.301737493694535,"rotation":6.170033261503859,"scale":{"x":0.7874969514399218,"y":0.787496951439923},"skew":{"x":0,"y":0},"anchor":{"x":0,"y":0}},"blend":"normal","id":"52296c22-90a3-4f61-9322-0baab160607d","idx":60,"parentId":"Top","pointerId":"52296c22-90a3-4f61-9322-0baab160607d","seed":1,"fill":{"method":"fill","blend":"normal","enabled":true,"opacity":1,"type":"color","color":"#000000"},"stroke":{"method":"stroke","blend":"normal","enabled":true,"opacity":1,"type":"color","color":"#000000","alignment":0.5,"lineCap":"round","lineDash":"none","lineDashOffset":0,"lineJoin":"miter","lineWidth":7,"lineWidthVariance":0,"miterLimit":4}},{"type":"pencil","iteration":1,"path":[{"cmd":"M","x":0,"y":0}],"pathSmoothing":{"enabled":true,"alpha":0.5,"tension":1,"type":0},"bbox":{"x":788.6609672822428,"y":168.31345906702438,"width":8.01,"height":8.01,"rotation":0,"scale":{"x":0.8260686710820869,"y":0.826068671082088},"skew":{"x":0,"y":0},"anchor":{"x":0,"y":0}},"blend":"normal","id":"30bd6162-99e2-4bd9-bcef-3acab3b63efd","idx":61,"parentId":"Top","pointerId":"you_66958","seed":497715339,"fill":{"method":"fill","blend":"normal","enabled":true,"opacity":1,"type":"color","color":"#000000"},"filter":{"enabled":true,"opened":true,"stack":[]},"stroke":{"method":"stroke","blend":"normal","enabled":true,"opacity":1,"type":"color","color":"#000000","alignment":0.5,"lineCap":"round","lineDash":"none","lineDashOffset":0,"lineJoin":"miter","lineWidth":6.4,"lineWidthVariance":0,"miterLimit":4}},{"type":"path","iteration":1,"path":[{"cmd":"M","x":0.14,"y":4},{"cmd":"C","x1":-1.86,"y1":57,"x2":18.14,"y2":44,"x":14.14,"y":44},{"cmd":"C","x1":10.14,"y1":44,"x2":98.14,"y2":46,"x":98.14,"y":46},{"cmd":"C","x1":105.14,"y1":39.33,"x2":128.14,"y2":42,"x":119.14,"y":26},{"cmd":"C","x1":110.14,"y1":10,"x2":90.14,"y2":12,"x":90.14,"y":12},{"cmd":"C","x1":90.14,"y1":12,"x2":58.14,"y2":0,"x":58.14,"y":0},{"cmd":"C","x1":58.14,"y1":0,"x2":3.14,"y2":0,"x":3.14,"y":0}],"bbox":{"x":830.0122822384142,"y":475.6110047734434,"width":135.2000364711467,"height":60,"rotation":0,"scale":{"x":0.7264981112714975,"y":0.7264981112714991},"skew":{"x":0,"y":0},"anchor":{"x":0,"y":0}},"blend":"normal","id":"42ed2396-2f68-48b0-9ff2-98fd5b5f7f83","idx":62,"parentId":"Top","pointerId":"42ed2396-2f68-48b0-9ff2-98fd5b5f7f83","seed":1,"fill":{"method":"fill","blend":"normal","enabled":true,"opacity":1,"type":"color","color":"#000000"},"filter":{"enabled":true,"opened":true,"stack":[]},"stroke":{"method":"stroke","blend":"normal","enabled":true,"opacity":1,"type":"color","color":"#000000","alignment":0.5,"lineCap":"round","lineDash":"none","lineDashOffset":0,"lineJoin":"miter","lineWidth":7,"lineWidthVariance":0,"miterLimit":4}},{"type":"path","iteration":1,"path":[{"cmd":"M","x":0.14,"y":4},{"cmd":"C","x1":-1.86,"y1":57,"x2":18.14,"y2":44,"x":14.14,"y":44},{"cmd":"C","x1":10.14,"y1":44,"x2":98.14,"y2":46,"x":98.14,"y":46},{"cmd":"C","x1":105.14,"y1":39.33,"x2":128.14,"y2":42,"x":119.14,"y":26},{"cmd":"C","x1":110.14,"y1":10,"x2":90.14,"y2":12,"x":90.14,"y":12},{"cmd":"C","x1":90.14,"y1":12,"x2":58.14,"y2":0,"x":58.14,"y":0},{"cmd":"C","x1":58.14,"y1":0,"x2":3.14,"y2":0,"x":3.14,"y":0}],"bbox":{"x":834.1426256220581,"y":479.74134805210343,"width":135.2000364711467,"height":60,"rotation":0,"scale":{"x":0.7264981112714975,"y":0.7264981112714991},"skew":{"x":0,"y":0},"anchor":{"x":0,"y":0}},"blend":"normal","id":"9b3eebdd-4d4d-4925-848b-b52c09abc65f","idx":63,"parentId":"Top","pointerId":"42ed2396-2f68-48b0-9ff2-98fd5b5f7f83","seed":1,"fill":{"method":"fill","blend":"normal","enabled":true,"opacity":1,"type":"color","color":"#000000"},"stroke":{"method":"stroke","blend":"normal","enabled":true,"opacity":1,"type":"color","color":"#000000","alignment":0.5,"lineCap":"round","lineDash":"none","lineDashOffset":0,"lineJoin":"miter","lineWidth":7,"lineWidthVariance":0,"miterLimit":4}},{"type":"path","iteration":1,"path":[{"cmd":"M","x":0.14,"y":4},{"cmd":"C","x1":-1.86,"y1":57,"x2":18.14,"y2":44,"x":14.14,"y":44},{"cmd":"C","x1":10.14,"y1":44,"x2":98.14,"y2":46,"x":98.14,"y":46},{"cmd":"C","x1":105.14,"y1":39.33,"x2":128.14,"y2":42,"x":119.14,"y":26},{"cmd":"C","x1":110.14,"y1":10,"x2":90.14,"y2":12,"x":90.14,"y":12},{"cmd":"C","x1":90.14,"y1":12,"x2":58.14,"y2":0,"x":58.14,"y":0},{"cmd":"C","x1":58.14,"y1":0,"x2":3.14,"y2":0,"x":3.14,"y":0}],"bbox":{"x":714.6930655002218,"y":515.5927485396602,"width":135.2000364711467,"height":60,"rotation":0,"scale":{"x":0.7264981112714975,"y":0.7264981112714991},"skew":{"x":0,"y":0},"anchor":{"x":0,"y":0}},"blend":"normal","id":"0acc3b3f-e8c3-4b5a-9ac5-6a7f5ac280b6","idx":64,"parentId":"Top","pointerId":"42ed2396-2f68-48b0-9ff2-98fd5b5f7f83","seed":1,"fill":{"method":"fill","blend":"normal","enabled":true,"opacity":1,"type":"color","color":"#000000"},"stroke":{"method":"stroke","blend":"normal","enabled":true,"opacity":1,"type":"color","color":"#000000","alignment":0.5,"lineCap":"round","lineDash":"none","lineDashOffset":0,"lineJoin":"miter","lineWidth":7,"lineWidthVariance":0,"miterLimit":4}},{"type":"path","iteration":1,"path":[{"cmd":"M","x":1,"y":3},{"cmd":"C","x1":2,"y1":44,"x2":31,"y2":16,"x":31,"y":16},{"cmd":"C","x1":31,"y1":16,"x2":38,"y2":7,"x":38,"y":7},{"cmd":"C","x1":38,"y1":7,"x2":0,"y2":0,"x":0,"y":0}],"bbox":{"x":642.7250553764297,"y":288.5209494693741,"width":52,"height":39.332341375278986,"rotation":0,"scale":{"x":0.827251673865618,"y":0.8272516738656189},"skew":{"x":0,"y":0},"anchor":{"x":0,"y":0}},"blend":"normal","id":"a3228607-2ae2-409f-958b-506793f3ed9b","idx":65,"parentId":"Top","pointerId":"you_67176","seed":1,"fill":{"method":"fill","blend":"normal","enabled":true,"opacity":1,"type":"color","color":"#f3bea0"},"filter":{"enabled":true,"opened":true,"stack":[]},"stroke":{"method":"stroke","blend":"normal","enabled":true,"opacity":1,"type":"color","color":"#f3bea0","alignment":0.5,"lineCap":"round","lineDash":"none","lineDashOffset":0,"lineJoin":"miter","lineWidth":7,"lineWidthVariance":0,"miterLimit":4}},{"type":"fancyText","content":"#brainyElderly","fitText":true,"fontFamily":"source-sans-pro","fontSize":38.875,"fontStyle":"normal","fontVariant":"normal","fontWeight":400,"letterSpacing":0,"lineHeight":0.5,"searchTerm":"","textAlign":"center","textDecoration":"none","textTransform":"none","whiteSpace":"pre-wrap","wordSpacing":0,"blend":"normal","exportable":true,"findable":true,"fill":{"method":"fill","blend":"normal","enabled":true,"opacity":1,"type":"color","color":"#000000"},"filter":{"enabled":true,"opened":true,"stack":[]},"stroke":{"method":"stroke","blend":"normal","enabled":true,"opacity":1,"type":"gradient","gradient":{"type":"linearGradient","noise":0,"spreadMethod":"pad","stops":[{"color":"#ffffff","offset":0},{"color":"#f6f6f6","offset":0.473},{"color":"#ededed","offset":1}],"x1":0.5,"y1":1,"x2":0.5,"y2":0},"alignment":0.5,"lineCap":"round","lineDash":"none","lineDashOffset":0,"lineJoin":"miter","lineWidth":12,"lineWidthVariance":0,"miterLimit":4,"color":"black"},"bbox":{"x":1148.3329454922948,"y":325.38916882030935,"width":257.21336740053334,"height":41.26417658832086,"rotation":0.011549564087498965,"scale":{"x":1,"y":1},"skew":{"x":0,"y":0},"anchor":{"x":0,"y":0}},"id":"1470705f-4497-4964-824a-0f3518c1b36c","seed":430620754,"pointerId":"you_65572","parentId":"Top","idx":66,"visible":true},{"type":"fancyText","content":"#stumbleFree","fitText":true,"fontFamily":"source-sans-pro","fontSize":43,"fontStyle":"normal","fontVariant":"normal","fontWeight":400,"letterSpacing":0,"lineHeight":0.5,"searchTerm":"","textAlign":"center","textDecoration":"none","textTransform":"none","whiteSpace":"pre-wrap","wordSpacing":0,"bbox":{"x":643.3329454922948,"y":317.38916882030935,"width":257.21336740053334,"height":41.26417658832086,"rotation":0.011549564087498965,"scale":{"x":1,"y":1},"skew":{"x":0,"y":0},"anchor":{"x":0,"y":0}},"blend":"normal","id":"46566f69-1fe8-42e1-93b8-528437658ef0","idx":67,"pointerId":"you_65572","seed":430620754,"fill":{"method":"fill","blend":"normal","enabled":true,"opacity":1,"type":"color","color":"#000000"},"stroke":{"method":"stroke","blend":"normal","enabled":true,"opacity":1,"type":"gradient","gradient":{"type":"linearGradient","noise":0,"spreadMethod":"pad","stops":[{"color":"#ffffff","offset":0},{"color":"#f6f6f6","offset":0.473},{"color":"#ededed","offset":1}],"x1":0.5,"y1":1,"x2":0.5,"y2":0},"alignment":0.5,"lineCap":"round","lineDash":"none","lineDashOffset":0,"lineJoin":"miter","lineWidth":12,"lineWidthVariance":0,"miterLimit":4},"parentId":"Top"},{"type":"square","cutout":0,"roundness":0,"bbox":{"x":214.741311330798,"y":204.38429913334863,"width":98.65876185483465,"height":98.65876185483465,"rotation":6.282636007747923,"scale":{"x":0.9011166764348864,"y":1.8173096634373531},"skew":{"x":0,"y":0},"anchor":{"x":0,"y":0}},"blend":"normal","id":"c734df92-4c24-478c-b5f6-5f42384b0dcd","idx":68,"pointerId":"you_66007","seed":686725915,"fill":{"method":"fill","blend":"normal","enabled":true,"opacity":1,"type":"color","color":"#80563c"},"stroke":{"method":"stroke","blend":"normal","enabled":true,"opacity":1,"type":"color","color":"#b2795b","alignment":0.5,"lineCap":"round","lineDash":"none","lineDashOffset":0,"lineJoin":"miter","lineWidth":2,"lineWidthVariance":0,"miterLimit":4},"parentId":"Top"},{"type":"ellipse","cutout":0,"bbox":{"x":193.4998460903662,"y":98.09986677459983,"width":100,"height":60,"rotation":0,"scale":{"x":1.3177554391293549,"y":2.1017910818378844},"skew":{"x":0,"y":0},"anchor":{"x":0,"y":0}},"blend":"normal","id":"a660e2c6-db19-4e3d-880c-37f1eccfbe1a","idx":69,"pointerId":"you_65636","seed":768525635,"fill":{"method":"fill","blend":"normal","enabled":true,"opacity":1,"type":"color","color":"#f3bea0"},"stroke":{"method":"stroke","blend":"normal","enabled":true,"opacity":1,"type":"color","color":"#fdc9ae","alignment":0.5,"lineCap":"round","lineDash":"none","lineDashOffset":0,"lineJoin":"miter","lineWidth":2,"lineWidthVariance":0,"miterLimit":4},"parentId":"Top"},{"type":"path","iteration":1,"path":[{"cmd":"M","x":0,"y":94},{"cmd":"C","x1":97,"y1":95,"x2":91,"y2":3,"x":91,"y":3},{"cmd":"C","x1":91,"y1":3,"x2":54,"y2":0,"x":54,"y":0},{"cmd":"C","x1":54,"y1":0,"x2":38,"y2":43,"x":38,"y":43},{"cmd":"C","x1":38,"y1":43,"x2":1,"y2":53,"x":1,"y":53},{"cmd":"C","x1":1,"y1":53,"x2":6,"y2":92,"x":0,"y":94},{"cmd":"Z"}],"bbox":{"x":288.6000977000001,"y":160.1999969,"width":105.07272115141824,"height":108.0080934989043,"rotation":0,"scale":{"x":1,"y":1},"skew":{"x":0,"y":0},"anchor":{"x":0,"y":0}},"blend":"normal","id":"e144cfd4-098e-4580-aaa1-58220a68ced1","idx":70,"pointerId":"you_66345","seed":1,"fill":{"method":"fill","blend":"normal","enabled":true,"opacity":1,"type":"color","color":"#814f3d"},"stroke":{"method":"stroke","blend":"normal","enabled":true,"opacity":1,"type":"color","color":"#814f3d","alignment":0.5,"lineCap":"round","lineDash":"none","lineDashOffset":0,"lineJoin":"miter","lineWidth":7,"lineWidthVariance":0,"miterLimit":4},"parentId":"Top"},{"type":"path","iteration":1,"path":[{"cmd":"M","x":0,"y":94},{"cmd":"C","x1":97,"y1":95,"x2":91,"y2":3,"x":91,"y":3},{"cmd":"C","x1":91,"y1":3,"x2":54,"y2":0,"x":54,"y":0},{"cmd":"C","x1":54,"y1":0,"x2":38,"y2":43,"x":38,"y":43},{"cmd":"C","x1":38,"y1":43,"x2":1,"y2":53,"x":1,"y":53},{"cmd":"C","x1":1,"y1":53,"x2":6,"y2":92,"x":0,"y":94},{"cmd":"Z"}],"bbox":{"x":220.40993004124093,"y":157.67494423343643,"width":105.07272115141824,"height":108.0080934989043,"rotation":1.4416679975119946,"scale":{"x":1.0062309791551494,"y":1.0062309791551494},"skew":{"x":0,"y":0},"anchor":{"x":0,"y":0}},"blend":"normal","id":"af3affa2-4fbb-4ced-85ae-359a313b46e3","idx":71,"parentId":"Top","pointerId":"you_66345","seed":1,"fill":{"method":"fill","blend":"normal","enabled":true,"opacity":1,"type":"color","color":"#814f3d"},"filter":{"enabled":true,"opened":true,"stack":[]},"stroke":{"method":"stroke","blend":"normal","enabled":true,"opacity":1,"type":"color","color":"#814f3d","alignment":0.5,"lineCap":"round","lineDash":"none","lineDashOffset":0,"lineJoin":"miter","lineWidth":7,"lineWidthVariance":0,"miterLimit":4}},{"type":"ellipse","cutout":0,"bbox":{"x":172.45470409171367,"y":112.83611942679056,"width":49.600006103515625,"height":49.700595793204144,"rotation":0,"scale":{"x":0.8260686710820869,"y":0.826068671082088},"skew":{"x":0,"y":0},"anchor":{"x":0,"y":0}},"blend":"normal","id":"a37a9b1c-9e89-48aa-a038-06878746e37b","idx":72,"pointerId":"you_65613","seed":1859075648,"fill":{"method":"fill","blend":"normal","enabled":true,"opacity":1,"type":"color","color":"#bfbfbf"},"stroke":{"method":"stroke","blend":"normal","enabled":true,"opacity":1,"type":"color","color":"#bfbfbf","alignment":0.5,"lineCap":"round","lineDash":"none","lineDashOffset":0,"lineJoin":"miter","lineWidth":2,"lineWidthVariance":0,"miterLimit":4},"parentId":"Top"},{"type":"ellipse","cutout":0,"bbox":{"x":197.45470409171367,"y":91.83611942679056,"width":49.600006103515625,"height":49.700595793204144,"rotation":0,"scale":{"x":0.8260686710820869,"y":0.826068671082088},"skew":{"x":0,"y":0},"anchor":{"x":0,"y":0}},"blend":"normal","id":"9b7788c4-abaf-4415-8ede-70e06b81c90b","idx":73,"pointerId":"you_65613","seed":1859075648,"fill":{"method":"fill","blend":"normal","enabled":true,"opacity":1,"type":"color","color":"#bfbfbf"},"stroke":{"method":"stroke","blend":"normal","enabled":true,"opacity":1,"type":"color","color":"#bfbfbf","alignment":0.5,"lineCap":"round","lineDash":"none","lineDashOffset":0,"lineJoin":"miter","lineWidth":2,"lineWidthVariance":0,"miterLimit":4},"parentId":"Top"},{"type":"ellipse","cutout":0,"bbox":{"x":229.45470409171367,"y":81.83611942679056,"width":49.600006103515625,"height":49.700595793204144,"rotation":0,"scale":{"x":0.8260686710820869,"y":0.826068671082088},"skew":{"x":0,"y":0},"anchor":{"x":0,"y":0}},"blend":"normal","id":"72c5441f-42b8-4892-9b1b-6dedae76dbdb","idx":74,"pointerId":"you_65613","seed":1859075648,"fill":{"method":"fill","blend":"normal","enabled":true,"opacity":1,"type":"color","color":"#bfbfbf"},"stroke":{"method":"stroke","blend":"normal","enabled":true,"opacity":1,"type":"color","color":"#bfbfbf","alignment":0.5,"lineCap":"round","lineDash":"none","lineDashOffset":0,"lineJoin":"miter","lineWidth":2,"lineWidthVariance":0,"miterLimit":4},"parentId":"Top"},{"type":"ellipse","cutout":0,"bbox":{"x":261.45470409171367,"y":82.83611942679056,"width":49.600006103515625,"height":49.700595793204144,"rotation":0,"scale":{"x":0.8260686710820869,"y":0.826068671082088},"skew":{"x":0,"y":0},"anchor":{"x":0,"y":0}},"blend":"normal","id":"8247eb85-d4fe-4bc1-83fe-4e6f8e3213bc","idx":75,"pointerId":"you_65613","seed":1859075648,"fill":{"method":"fill","blend":"normal","enabled":true,"opacity":1,"type":"color","color":"#bfbfbf"},"stroke":{"method":"stroke","blend":"normal","enabled":true,"opacity":1,"type":"color","color":"#bfbfbf","alignment":0.5,"lineCap":"round","lineDash":"none","lineDashOffset":0,"lineJoin":"miter","lineWidth":2,"lineWidthVariance":0,"miterLimit":4},"parentId":"Top"},{"type":"ellipse","cutout":0,"bbox":{"x":290.45470409171367,"y":99.83611942679056,"width":49.600006103515625,"height":49.700595793204144,"rotation":0,"scale":{"x":0.8260686710820869,"y":0.826068671082088},"skew":{"x":0,"y":0},"anchor":{"x":0,"y":0}},"blend":"normal","id":"56339b2b-c4eb-4f48-8005-29afa963591c","idx":76,"pointerId":"you_65613","seed":1859075648,"fill":{"method":"fill","blend":"normal","enabled":true,"opacity":1,"type":"color","color":"#bfbfbf"},"stroke":{"method":"stroke","blend":"normal","enabled":true,"opacity":1,"type":"color","color":"#bfbfbf","alignment":0.5,"lineCap":"round","lineDash":"none","lineDashOffset":0,"lineJoin":"miter","lineWidth":2,"lineWidthVariance":0,"miterLimit":4},"parentId":"Top"},{"type":"ellipse","cutout":0,"bbox":{"x":299.45470409171367,"y":123.83611942679056,"width":49.600006103515625,"height":49.700595793204144,"rotation":0,"scale":{"x":0.8260686710820869,"y":0.826068671082088},"skew":{"x":0,"y":0},"anchor":{"x":0,"y":0}},"blend":"normal","id":"66b16757-643c-49d9-a25b-e0dbdb1fc6e6","idx":77,"pointerId":"you_65613","seed":1859075648,"fill":{"method":"fill","blend":"normal","enabled":true,"opacity":1,"type":"color","color":"#bfbfbf"},"stroke":{"method":"stroke","blend":"normal","enabled":true,"opacity":1,"type":"color","color":"#bfbfbf","alignment":0.5,"lineCap":"round","lineDash":"none","lineDashOffset":0,"lineJoin":"miter","lineWidth":2,"lineWidthVariance":0,"miterLimit":4},"parentId":"Top"},{"type":"ellipse","cutout":0,"bbox":{"x":200.45470409171367,"y":99.46275184096771,"width":49.600006103515625,"height":49.700595793204144,"rotation":0,"scale":{"x":0.9744243893214031,"y":0.9744243893214044},"skew":{"x":0,"y":0},"anchor":{"x":0,"y":0}},"blend":"normal","id":"19091c0c-5bdb-4910-a792-3cabf4402dbc","idx":78,"pointerId":"you_65613","seed":1859075648,"fill":{"method":"fill","blend":"normal","enabled":true,"opacity":1,"type":"color","color":"#bfbfbf"},"stroke":{"method":"stroke","blend":"normal","enabled":true,"opacity":1,"type":"color","color":"#bfbfbf","alignment":0.5,"lineCap":"round","lineDash":"none","lineDashOffset":0,"lineJoin":"miter","lineWidth":2,"lineWidthVariance":0,"miterLimit":4},"parentId":"Top"},{"type":"ellipse","cutout":0,"bbox":{"x":216.45470409171367,"y":63.83611942679056,"width":49.600006103515625,"height":49.700595793204144,"rotation":0,"scale":{"x":0.8260686710820869,"y":0.826068671082088},"skew":{"x":0,"y":0},"anchor":{"x":0,"y":0}},"blend":"normal","id":"11e3b795-c10d-4cc4-9a0e-aded6c56c411","idx":79,"pointerId":"you_65613","seed":1859075648,"fill":{"method":"fill","blend":"normal","enabled":true,"opacity":1,"type":"color","color":"#bfbfbf"},"stroke":{"method":"stroke","blend":"normal","enabled":true,"opacity":1,"type":"color","color":"#bfbfbf","alignment":0.5,"lineCap":"round","lineDash":"none","lineDashOffset":0,"lineJoin":"miter","lineWidth":2,"lineWidthVariance":0,"miterLimit":4},"parentId":"Top"},{"type":"ellipse","cutout":0,"bbox":{"x":266.84351878838817,"y":97.46275184096771,"width":49.600006103515625,"height":49.700595793204144,"rotation":0,"scale":{"x":0.9061015207797728,"y":0.9061015207797742},"skew":{"x":0,"y":0},"anchor":{"x":0,"y":0}},"blend":"normal","id":"f3f59f66-16f3-4b58-badb-4e32a5cb8035","idx":80,"pointerId":"you_65613","seed":1859075648,"fill":{"method":"fill","blend":"normal","enabled":true,"opacity":1,"type":"color","color":"#bfbfbf"},"stroke":{"method":"stroke","blend":"normal","enabled":true,"opacity":1,"type":"color","color":"#bfbfbf","alignment":0.5,"lineCap":"round","lineDash":"none","lineDashOffset":0,"lineJoin":"miter","lineWidth":2,"lineWidthVariance":0,"miterLimit":4},"parentId":"Top"},{"type":"ellipse","cutout":0,"bbox":{"x":251.45470409171367,"y":57.83611942679056,"width":49.600006103515625,"height":49.700595793204144,"rotation":0,"scale":{"x":0.8260686710820869,"y":0.826068671082088},"skew":{"x":0,"y":0},"anchor":{"x":0,"y":0}},"blend":"normal","id":"53b66c6a-a6f6-4b27-8fd6-ca65d0a6445b","idx":81,"pointerId":"you_65613","seed":1859075648,"fill":{"method":"fill","blend":"normal","enabled":true,"opacity":1,"type":"color","color":"#bfbfbf"},"stroke":{"method":"stroke","blend":"normal","enabled":true,"opacity":1,"type":"color","color":"#bfbfbf","alignment":0.5,"lineCap":"round","lineDash":"none","lineDashOffset":0,"lineJoin":"miter","lineWidth":2,"lineWidthVariance":0,"miterLimit":4},"parentId":"Top"},{"type":"ellipse","cutout":0,"bbox":{"x":280.45470409171367,"y":74.83611942679056,"width":49.600006103515625,"height":49.700595793204144,"rotation":0,"scale":{"x":0.8260686710820869,"y":0.826068671082088},"skew":{"x":0,"y":0},"anchor":{"x":0,"y":0}},"blend":"normal","id":"c488fcc4-123b-49b6-95a1-fefe565789e6","idx":82,"pointerId":"you_65613","seed":1859075648,"fill":{"method":"fill","blend":"normal","enabled":true,"opacity":1,"type":"color","color":"#bfbfbf"},"stroke":{"method":"stroke","blend":"normal","enabled":true,"opacity":1,"type":"color","color":"#bfbfbf","alignment":0.5,"lineCap":"round","lineDash":"none","lineDashOffset":0,"lineJoin":"miter","lineWidth":2,"lineWidthVariance":0,"miterLimit":4},"parentId":"Top"},{"type":"ellipse","cutout":0,"bbox":{"x":186.45470409171367,"y":79.83611942679056,"width":49.600006103515625,"height":49.700595793204144,"rotation":0,"scale":{"x":0.8260686710820869,"y":0.826068671082088},"skew":{"x":0,"y":0},"anchor":{"x":0,"y":0}},"blend":"normal","id":"0d8c73ad-f5a5-416b-b693-51eb205e3ec0","idx":83,"pointerId":"you_65613","seed":1859075648,"fill":{"method":"fill","blend":"normal","enabled":true,"opacity":1,"type":"color","color":"#bfbfbf"},"stroke":{"method":"stroke","blend":"normal","enabled":true,"opacity":1,"type":"color","color":"#bfbfbf","alignment":0.5,"lineCap":"round","lineDash":"none","lineDashOffset":0,"lineJoin":"miter","lineWidth":2,"lineWidthVariance":0,"miterLimit":4},"parentId":"Top"},{"type":"path","iteration":1,"path":[{"cmd":"M","x":0,"y":39.25},{"cmd":"C","x1":58,"y1":-15.08,"x2":88,"y2":-9.75,"x":144,"y":35.25}],"bbox":{"x":219.6000977000001,"y":142.9768142,"width":188,"height":83.25041878055323,"rotation":0,"scale":{"x":0.18866253034740543,"y":0.1886625303474054},"skew":{"x":0,"y":0},"anchor":{"x":0,"y":0}},"blend":"normal","id":"756c3862-e02d-40d3-ae20-195c75f43e36","idx":84,"pointerId":"e73934f2-5e41-4273-88f5-f3d7e4989a3c","seed":1,"stroke":{"method":"stroke","blend":"normal","enabled":true,"opacity":1,"type":"color","color":"#814f3d","alignment":0.5,"lineCap":"round","lineDash":"none","lineDashOffset":0,"lineJoin":"miter","lineWidth":22,"lineWidthVariance":0,"miterLimit":4},"parentId":"Top"},{"type":"path","iteration":1,"path":[{"cmd":"M","x":0,"y":39.25},{"cmd":"C","x1":58,"y1":-15.08,"x2":88,"y2":-9.75,"x":144,"y":35.25}],"bbox":{"x":261.6000977000001,"y":144.9768142,"width":188,"height":83.25041878055323,"rotation":0,"scale":{"x":0.18866253034740543,"y":0.1886625303474054},"skew":{"x":0,"y":0},"anchor":{"x":0,"y":0}},"blend":"normal","id":"4d99c71b-01d9-4261-8b2b-8e29818633ec","idx":85,"pointerId":"e73934f2-5e41-4273-88f5-f3d7e4989a3c","seed":1,"stroke":{"method":"stroke","blend":"normal","enabled":true,"opacity":1,"type":"color","color":"#814f3d","alignment":0.5,"lineCap":"round","lineDash":"none","lineDashOffset":0,"lineJoin":"miter","lineWidth":22,"lineWidthVariance":0,"miterLimit":4},"parentId":"Top"},{"type":"circle","cutout":0,"bbox":{"x":232.71286782707284,"y":153.95827558236306,"width":100,"height":100,"rotation":0,"scale":{"x":0.08956958442128303,"y":0.08956958442128303},"skew":{"x":0,"y":0},"anchor":{"x":0,"y":0}},"blend":"normal","id":"2cff72d3-d1de-4eec-ae3d-9a2eb4139be4","idx":86,"pointerId":"you_65786","seed":1051745027,"fill":{"method":"fill","blend":"normal","enabled":true,"opacity":1,"type":"color","color":"#000000"},"stroke":{"method":"stroke","blend":"normal","enabled":true,"opacity":1,"type":"color","color":"#b2795b","alignment":0.5,"lineCap":"round","lineDash":"none","lineDashOffset":0,"lineJoin":"miter","lineWidth":2,"lineWidthVariance":0,"miterLimit":4},"parentId":"Top"},{"type":"circle","cutout":0,"bbox":{"x":274.71286782707284,"y":155.95827558236306,"width":100,"height":100,"rotation":0,"scale":{"x":0.08956958442128303,"y":0.08956958442128303},"skew":{"x":0,"y":0},"anchor":{"x":0,"y":0}},"blend":"normal","id":"4525f07c-51a9-45e9-9f5b-4e446ce1f6c5","idx":87,"pointerId":"you_65786","seed":1051745027,"fill":{"method":"fill","blend":"normal","enabled":true,"opacity":1,"type":"color","color":"#000000"},"stroke":{"method":"stroke","blend":"normal","enabled":true,"opacity":1,"type":"color","color":"#b2795b","alignment":0.5,"lineCap":"round","lineDash":"none","lineDashOffset":0,"lineJoin":"miter","lineWidth":2,"lineWidthVariance":0,"miterLimit":4},"parentId":"Top"},{"type":"path","iteration":1,"path":[{"cmd":"M","x":0,"y":0},{"cmd":"C","x1":18,"y1":25,"x2":34,"y2":1,"x":34,"y":1}],"bbox":{"x":228.8000793000001,"y":187.8000488,"width":48,"height":25.37643085006568,"rotation":0,"scale":{"x":1,"y":1},"skew":{"x":0,"y":0},"anchor":{"x":0,"y":0}},"blend":"normal","id":"368ef0c4-c65f-41ba-97db-7b74df4cbceb","idx":88,"pointerId":"you_65956","seed":1,"fill":{"method":"fill","blend":"normal","enabled":true,"opacity":1,"type":"color","color":"#814f3d"},"stroke":{"method":"stroke","blend":"normal","enabled":true,"opacity":1,"type":"color","color":"#814f3d","alignment":0.5,"lineCap":"round","lineDash":"none","lineDashOffset":0,"lineJoin":"miter","lineWidth":7,"lineWidthVariance":0,"miterLimit":4},"parentId":"Top"},{"type":"polyline","iteration":1,"path":[{"cmd":"M","x":0,"y":0},{"cmd":"L","x":11,"y":0},{"cmd":"L","x":22,"y":0},{"cmd":"L","x":33,"y":0}],"bbox":{"x":229.00006099999996,"y":186.6000214,"width":47,"height":14,"rotation":0,"scale":{"x":1,"y":1},"skew":{"x":0,"y":0},"anchor":{"x":0,"y":0}},"blend":"normal","id":"e9871fb3-58c3-43b5-882b-bbc0ddc2cb00","idx":89,"pointerId":"you_65988","seed":1,"fill":{"method":"fill","blend":"normal","enabled":true,"opacity":1,"type":"color","color":"#000000"},"stroke":{"method":"stroke","blend":"normal","enabled":true,"opacity":1,"type":"color","color":"#814f3d","alignment":0.5,"lineCap":"round","lineDash":"none","lineDashOffset":0,"lineJoin":"miter","lineWidth":6.7,"lineWidthVariance":0,"miterLimit":4},"parentId":"Top"},{"type":"pencil","iteration":1,"path":[{"cmd":"M","x":0,"y":0}],"bbox":{"x":251.00006099999996,"y":169.6000214,"width":8.01,"height":8.01,"rotation":0,"scale":{"x":1,"y":1},"skew":{"x":0,"y":0},"anchor":{"x":0,"y":0}},"blend":"normal","id":"c4c58b7c-06d8-4458-b0fb-77dd7ebef66a","idx":90,"pointerId":"you_65983","seed":1754859865,"stroke":{"method":"stroke","blend":"normal","enabled":true,"opacity":1,"type":"color","color":"#814f3d","alignment":0.5,"lineCap":"round","lineDash":"none","lineDashOffset":0,"lineJoin":"miter","lineWidth":6.4,"lineWidthVariance":0,"miterLimit":4},"parentId":"Top","pathSmoothing":{"enabled":true,"alpha":0.5,"tension":1,"type":0}},{"type":"fancyText","content":"#salubriousSenior","fitText":true,"fontFamily":"source-sans-pro","fontSize":42,"fontStyle":"normal","fontVariant":"normal","fontWeight":400,"letterSpacing":0,"lineHeight":0.5,"searchTerm":"","textAlign":"center","textDecoration":"none","textTransform":"none","whiteSpace":"pre-wrap","wordSpacing":0,"bbox":{"x":100.33294549229481,"y":320.38916882030935,"width":327.19395254532327,"height":46.565834721181055,"rotation":0.011549564087498965,"scale":{"x":1,"y":1},"skew":{"x":0,"y":0},"anchor":{"x":0,"y":0}},"blend":"normal","id":"41700318-31d6-488e-b46a-05142fb0b0ed","idx":91,"pointerId":"you_65572","seed":430620754,"fill":{"method":"fill","blend":"normal","enabled":true,"opacity":1,"type":"color","color":"#000000"},"stroke":{"method":"stroke","blend":"normal","enabled":true,"opacity":1,"type":"gradient","gradient":{"type":"linearGradient","noise":0,"spreadMethod":"pad","stops":[{"color":"#ffffff","offset":0},{"color":"#f6f6f6","offset":0.473},{"color":"#ededed","offset":1}],"x1":0.5,"y1":1,"x2":0.5,"y2":0},"alignment":0.5,"lineCap":"round","lineDash":"none","lineDashOffset":0,"lineJoin":"miter","lineWidth":12,"lineWidthVariance":0,"miterLimit":4},"parentId":"Top"}]}